/*
Navicat MySQL Data Transfer

Source Server         : 本地环境
Source Server Version : 50612
Source Host           : localhost:3306
Source Database       : zhoushuai

Target Server Type    : MYSQL
Target Server Version : 50612
File Encoding         : 65001

Date: 2016-05-21 12:21:12
*/

SET FOREIGN_KEY_CHECKS=0;

-- ----------------------------
-- Table structure for oa_check_log
-- ----------------------------
DROP TABLE IF EXISTS `oa_check_log`;
CREATE TABLE `oa_check_log` (
  `id` bigint(19) unsigned NOT NULL AUTO_INCREMENT COMMENT '自增ID',
  `uid` int(11) unsigned NOT NULL DEFAULT '0' COMMENT '操作人ID',
  `bizid` int(19) unsigned NOT NULL DEFAULT '0' COMMENT '业务id',
  `flag` enum('pledge','mortgage') NOT NULL DEFAULT 'pledge' COMMENT '交易类型「mortgage：抵押，pledge：质押」',
  `remark` text NOT NULL COMMENT '业务操作备注',
  `created` timestamp NOT NULL DEFAULT CURRENT_TIMESTAMP ON UPDATE CURRENT_TIMESTAMP,
  PRIMARY KEY (`id`)
) ENGINE=InnoDB AUTO_INCREMENT=47186 DEFAULT CHARSET=utf8 COMMENT='提现审核日志';

-- ----------------------------
-- Records of oa_check_log
-- ----------------------------
INSERT INTO `oa_check_log` VALUES ('47084', '34', '4296', 'pledge', '{\"title\":\"\\u4e1a\\u52a1\\u8fdb\\u4ef6\",\"con\":\"2016\\u6b3e \\u5965\\u8feaA4L 30 TFSI \\u5178\\u85cf\\u7248 \\u81ea\\u52a8\\u8212\\u9002\\u578b\\u4f30\\u503c\\uff1a19.26\\u4e07\",\"next\":\"\\u7b49\\u5f85\\u8bc4\\u4f30\\u5e08\\u786e\\u8ba4\\u8f66\\u578b\",\"manager\":{\"role\":\"\\u4e1a\\u52a1\\u5458\",\"name\":\"\\u5c0f\\u963f\\u5efa\",\"created\":\"2016-05-18 17:36:02\"}}', '2016-05-18 17:36:02');
INSERT INTO `oa_check_log` VALUES ('47085', '34', '4297', 'pledge', '{\"title\":\"\\u4e1a\\u52a1\\u8fdb\\u4ef6\",\"con\":\"2003\\u6b3e \\u963f\\u5c14\\u6cd5\\u7f57\\u5bc6\\u6b27Gtv Gtv\\u4f30\\u503c\\uff1a13.48\\u4e07\",\"next\":\"\\u7b49\\u5f85\\u8bc4\\u4f30\\u5e08\\u786e\\u8ba4\\u8f66\\u578b\",\"manager\":{\"role\":\"\\u4e1a\\u52a1\\u5458\",\"name\":\"\\u5c0f\\u963f\\u5efa\",\"created\":\"2016-05-18 17:36:27\"}}', '2016-05-18 17:36:27');
INSERT INTO `oa_check_log` VALUES ('47086', '34', '4298', 'pledge', '{\"title\":\"\\u4e1a\\u52a1\\u8fdb\\u4ef6\",\"con\":\"2003\\u6b3e \\u963f\\u65af\\u987f\\u9a6c\\u4e01DB7 Vantage\\u4f30\\u503c\\uff1a17.02\\u4e07\",\"next\":\"\\u7b49\\u5f85\\u8bc4\\u4f30\\u5e08\\u786e\\u8ba4\\u8f66\\u578b\",\"manager\":{\"role\":\"\\u4e1a\\u52a1\\u5458\",\"name\":\"\\u5c0f\\u963f\\u5efa\",\"created\":\"2016-05-18 17:37:09\"}}', '2016-05-18 17:37:09');
INSERT INTO `oa_check_log` VALUES ('47087', '34', '4299', 'pledge', '{\"title\":\"\\u4e1a\\u52a1\\u8fdb\\u4ef6\",\"con\":\"2015\\u6b3e \\u4fdd\\u65f6\\u6377Cayenne S E-Hybrid 3.0T\\u4f30\\u503c\\uff1a83.69\\u4e07\",\"next\":\"\\u7b49\\u5f85\\u8bc4\\u4f30\\u5e08\\u786e\\u8ba4\\u8f66\\u578b\",\"manager\":{\"role\":\"\\u4e1a\\u52a1\\u5458\",\"name\":\"\\u5c0f\\u963f\\u5efa\",\"created\":\"2016-05-18 17:37:46\"}}', '2016-05-18 17:37:46');
INSERT INTO `oa_check_log` VALUES ('47088', '34', '4300', 'pledge', '{\"title\":\"\\u4e1a\\u52a1\\u8fdb\\u4ef6\",\"con\":\"2012\\u6b3e \\u963f\\u65af\\u987f\\u9a6c\\u4e01DBS 6.0 \\u624b\\u52a8 \\u9f99\\u5e7488\\u4e2d\\u56fd\\u9650\\u91cf\\u7248\\u4f30\\u503c\\uff1a220.53\\u4e07\",\"next\":\"\\u7b49\\u5f85\\u8bc4\\u4f30\\u5e08\\u786e\\u8ba4\\u8f66\\u578b\",\"manager\":{\"role\":\"\\u4e1a\\u52a1\\u5458\",\"name\":\"\\u5c0f\\u963f\\u5efa\",\"created\":\"2016-05-18 17:38:30\"}}', '2016-05-18 17:38:30');
INSERT INTO `oa_check_log` VALUES ('47089', '34', '4301', 'pledge', '{\"title\":\"\\u4e1a\\u52a1\\u8fdb\\u4ef6\",\"con\":\"2010\\u6b3e \\u8759\\u8760 LP 670-4 SuperVeloce\\u4f30\\u503c\\uff1a223.72\\u4e07\",\"next\":\"\\u7b49\\u5f85\\u8bc4\\u4f30\\u5e08\\u786e\\u8ba4\\u8f66\\u578b\",\"manager\":{\"role\":\"\\u4e1a\\u52a1\\u5458\",\"name\":\"\\u5c0f\\u963f\\u5efa\",\"created\":\"2016-05-18 17:39:05\"}}', '2016-05-18 17:39:05');
INSERT INTO `oa_check_log` VALUES ('47090', '34', '4302', 'pledge', '{\"title\":\"\\u4e1a\\u52a1\\u8fdb\\u4ef6\",\"con\":\"2016\\u6b3e \\u5965\\u8feaA4L 30 TFSI \\u624b\\u52a8\\u8212\\u9002\\u578b\\u4f30\\u503c\\uff1a20.67\\u4e07\",\"next\":\"\\u7b49\\u5f85\\u8bc4\\u4f30\\u5e08\\u786e\\u8ba4\\u8f66\\u578b\",\"manager\":{\"role\":\"\\u4e1a\\u52a1\\u5458\",\"name\":\"\\u5c0f\\u963f\\u5efa\",\"created\":\"2016-05-18 17:39:40\"}}', '2016-05-18 17:39:40');
INSERT INTO `oa_check_log` VALUES ('47091', '34', '4303', 'pledge', '{\"title\":\"\\u4e1a\\u52a1\\u8fdb\\u4ef6\",\"con\":\"2015\\u6b3e \\u4fdd\\u65f6\\u6377Cayman Style Edition 2.7L\\u4f30\\u503c\\uff1a47.35\\u4e07\",\"next\":\"\\u7b49\\u5f85\\u8bc4\\u4f30\\u5e08\\u786e\\u8ba4\\u8f66\\u578b\",\"manager\":{\"role\":\"\\u4e1a\\u52a1\\u5458\",\"name\":\"\\u5c0f\\u963f\\u5efa\",\"created\":\"2016-05-18 17:40:08\"}}', '2016-05-18 17:40:08');
INSERT INTO `oa_check_log` VALUES ('47092', '34', '4304', 'pledge', '{\"title\":\"\\u4e1a\\u52a1\\u8fdb\\u4ef6\",\"con\":\"2003\\u6b3e \\u963f\\u5c14\\u6cd5\\u7f57\\u5bc6\\u6b27Gtv Gtv\\u4f30\\u503c\\uff1a13.48\\u4e07\",\"next\":\"\\u7b49\\u5f85\\u8bc4\\u4f30\\u5e08\\u786e\\u8ba4\\u8f66\\u578b\",\"manager\":{\"role\":\"\\u4e1a\\u52a1\\u5458\",\"name\":\"\\u5c0f\\u963f\\u5efa\",\"created\":\"2016-05-18 17:40:50\"}}', '2016-05-18 17:40:50');
INSERT INTO `oa_check_log` VALUES ('47093', '34', '4305', 'pledge', '{\"title\":\"\\u4e1a\\u52a1\\u8fdb\\u4ef6\",\"con\":\"2003\\u6b3e \\u963f\\u5c14\\u6cd5\\u7f57\\u5bc6\\u6b27Gtv Gtv\\u4f30\\u503c\\uff1a13.48\\u4e07\",\"next\":\"\\u7b49\\u5f85\\u8bc4\\u4f30\\u5e08\\u786e\\u8ba4\\u8f66\\u578b\",\"manager\":{\"role\":\"\\u4e1a\\u52a1\\u5458\",\"name\":\"\\u5c0f\\u963f\\u5efa\",\"created\":\"2016-05-18 17:41:17\"}}', '2016-05-18 17:41:17');
INSERT INTO `oa_check_log` VALUES ('47094', '34', '4306', 'pledge', '{\"title\":\"\\u4e1a\\u52a1\\u8fdb\\u4ef6\",\"con\":\"2003\\u6b3e \\u963f\\u5c14\\u6cd5\\u7f57\\u5bc6\\u6b27Gtv Gtv\\u4f30\\u503c\\uff1a13.55\\u4e07\",\"next\":\"\\u7b49\\u5f85\\u8bc4\\u4f30\\u5e08\\u786e\\u8ba4\\u8f66\\u578b\",\"manager\":{\"role\":\"\\u4e1a\\u52a1\\u5458\",\"name\":\"\\u5c0f\\u963f\\u5efa\",\"created\":\"2016-05-18 17:41:41\"}}', '2016-05-18 17:41:41');
INSERT INTO `oa_check_log` VALUES ('47095', '34', '4307', 'pledge', '{\"title\":\"\\u4e1a\\u52a1\\u8fdb\\u4ef6\",\"con\":\"2016\\u6b3e \\u5965\\u8feaA4L 30 TFSI \\u624b\\u52a8\\u8212\\u9002\\u578b\\u4f30\\u503c\\uff1a16.14\\u4e07\",\"next\":\"\\u7b49\\u5f85\\u8bc4\\u4f30\\u5e08\\u786e\\u8ba4\\u8f66\\u578b\",\"manager\":{\"role\":\"\\u4e1a\\u52a1\\u5458\",\"name\":\"\\u5c0f\\u963f\\u5efa\",\"created\":\"2016-05-18 17:42:14\"}}', '2016-05-18 17:42:14');
INSERT INTO `oa_check_log` VALUES ('47096', '28', '4308', 'pledge', '{\"title\":\"\\u4e1a\\u52a1\\u8fdb\\u4ef6\",\"con\":\"2003\\u6b3e \\u963f\\u5c14\\u6cd5\\u7f57\\u5bc6\\u6b27Gtv Gtv\\u4f30\\u503c\\uff1a13.48\\u4e07\",\"next\":\"\\u7b49\\u5f85\\u8bc4\\u4f30\\u5e08\\u786e\\u8ba4\\u8f66\\u578b\",\"manager\":{\"role\":\"\\u8bc4\\u4f30\\u5e08\",\"name\":\"\\u7f57\\u54e5\",\"created\":\"2016-05-18 17:43:08\"}}', '2016-05-18 17:43:08');
INSERT INTO `oa_check_log` VALUES ('47097', '28', '4309', 'pledge', '{\"title\":\"\\u4e1a\\u52a1\\u8fdb\\u4ef6\",\"con\":\"2008\\u6b3e \\u5965\\u8feaA4 1.8T \\u4e2a\\u6027\\u98ce\\u683c\\u7248\\u4f30\\u503c\\uff1a10.85\\u4e07\",\"next\":\"\\u7b49\\u5f85\\u8bc4\\u4f30\\u5e08\\u786e\\u8ba4\\u8f66\\u578b\",\"manager\":{\"role\":\"\\u8bc4\\u4f30\\u5e08\",\"name\":\"\\u7f57\\u54e5\",\"created\":\"2016-05-18 17:43:38\"}}', '2016-05-18 17:43:38');
INSERT INTO `oa_check_log` VALUES ('47098', '28', '4309', 'pledge', '{\"title\":\"\\u4fee\\u6539\\u8f66\\u8f86\\u4fe1\\u606f\",\"con\":\"2008\\u6b3e \\u5965\\u8feaA4 1.8T \\u4e2a\\u6027\\u98ce\\u683c\\u7248\\u4f30\\u503c\\uff1a11.19\\u4e07\",\"next\":\"\\u7b49\\u5f85\\u8bc4\\u4f30\",\"manager\":{\"role\":\"\\u8bc4\\u4f30\\u5e08\",\"name\":\"\\u7f57\\u54e5\",\"created\":\"2016-05-18 17:46:14\"}}', '2016-05-18 17:46:14');
INSERT INTO `oa_check_log` VALUES ('47099', '28', '4309', 'pledge', '{\"title\":\"\\u786e\\u8ba4\\u8f66\\u578b\",\"con\":\"\\u8f66\\u724c\\u53f7\\u7801\\uff1a\\u5dddP11110\",\"next\":\"\\u7b49\\u5f85\\u8bc4\\u4f30\",\"manager\":{\"role\":\"\\u8bc4\\u4f30\\u5e08\",\"name\":\"\\u7f57\\u54e5\",\"created\":\"2016-05-18 17:46:16\"}}', '2016-05-18 17:46:16');
INSERT INTO `oa_check_log` VALUES ('47100', '28', '4309', 'pledge', '{\"title\":\"\\u8bc4\\u4f30\\u5e08\\u5df2\\u63d0\\u4ea4\\u8bc4\\u4f30\\u5355\",\"con\":\"\\u7cfb\\u7edf\\u7cbe\\u786e\\u5b9a\\u4ef7\\uff1a10.92\\u4e07\\uff0c\\u8bc4\\u4f30\\u5e08\\u5b9a\\u4ef7\\uff1a11.00\\u4e07\",\"next\":\"\\u7b49\\u5f85\\u98ce\\u63a7\\u5ba1\\u6838\",\"manager\":{\"role\":\"\\u8bc4\\u4f30\\u5e08\",\"name\":\"\\u7f57\\u54e5\",\"created\":\"2016-05-18 17:46:31\"}}', '2016-05-18 17:46:31');
INSERT INTO `oa_check_log` VALUES ('47101', '28', '4308', 'pledge', '{\"title\":\"\\u786e\\u8ba4\\u8f66\\u578b\",\"con\":\"\\u8f66\\u724c\\u53f7\\u7801\\uff1a\\u5dddD59595\",\"next\":\"\\u7b49\\u5f85\\u8bc4\\u4f30\",\"manager\":{\"role\":\"\\u8bc4\\u4f30\\u5e08\",\"name\":\"\\u7f57\\u54e5\",\"created\":\"2016-05-18 17:46:42\"}}', '2016-05-18 17:46:42');
INSERT INTO `oa_check_log` VALUES ('47102', '28', '4308', 'pledge', '{\"title\":\"\\u8bc4\\u4f30\\u7ec4\\u957f\\u5206\\u914d\\u4efb\\u52a1\",\"con\":\"\\u5206\\u914d\\u7ed9\\u8bc4\\u4f30\\u5e08\\uff1a\\u5c0f\\u963f\\u5f3a\",\"next\":\"\\u7b49\\u5f85\\u8bc4\\u4f30\",\"manager\":{\"role\":\"\\u8bc4\\u4f30\\u5e08\",\"name\":\"\\u7f57\\u54e5\",\"created\":\"2016-05-18 17:46:45\"}}', '2016-05-18 17:46:45');
INSERT INTO `oa_check_log` VALUES ('47103', '28', '4307', 'pledge', '{\"title\":\"\\u786e\\u8ba4\\u8f66\\u578b\",\"con\":\"\\u8f66\\u724c\\u53f7\\u7801\\uff1a\\u5dddJ10101\",\"next\":\"\\u7b49\\u5f85\\u8bc4\\u4f30\",\"manager\":{\"role\":\"\\u8bc4\\u4f30\\u5e08\",\"name\":\"\\u7f57\\u54e5\",\"created\":\"2016-05-18 17:46:54\"}}', '2016-05-18 17:46:54');
INSERT INTO `oa_check_log` VALUES ('47104', '28', '4307', 'pledge', '{\"title\":\"\\u8bc4\\u4f30\\u5e08\\u5df2\\u63d0\\u4ea4\\u8bc4\\u4f30\\u5355\",\"con\":\"\\u7cfb\\u7edf\\u7cbe\\u786e\\u5b9a\\u4ef7\\uff1a15.58\\u4e07\\uff0c\\u8bc4\\u4f30\\u5e08\\u5b9a\\u4ef7\\uff1a10.00\\u4e07\",\"next\":\"\\u7b49\\u5f85\\u98ce\\u63a7\\u5ba1\\u6838\",\"manager\":{\"role\":\"\\u8bc4\\u4f30\\u5e08\",\"name\":\"\\u7f57\\u54e5\",\"created\":\"2016-05-18 17:47:12\"}}', '2016-05-18 17:47:12');
INSERT INTO `oa_check_log` VALUES ('47105', '28', '4306', 'pledge', '{\"title\":\"\\u786e\\u8ba4\\u8f66\\u578b\",\"con\":\"\\u8f66\\u724c\\u53f7\\u7801\\uff1a\\u5dddD14353\",\"next\":\"\\u7b49\\u5f85\\u8bc4\\u4f30\",\"manager\":{\"role\":\"\\u8bc4\\u4f30\\u5e08\",\"name\":\"\\u7f57\\u54e5\",\"created\":\"2016-05-18 17:47:26\"}}', '2016-05-18 17:47:26');
INSERT INTO `oa_check_log` VALUES ('47106', '28', '4306', 'pledge', '{\"title\":\"\\u8bc4\\u4f30\\u5e08\\u5df2\\u63d0\\u4ea4\\u8bc4\\u4f30\\u5355\",\"con\":\"\\u7cfb\\u7edf\\u7cbe\\u786e\\u5b9a\\u4ef7\\uff1a12.48\\u4e07\\uff0c\\u8bc4\\u4f30\\u5e08\\u5b9a\\u4ef7\\uff1a11.00\\u4e07\",\"next\":\"\\u7b49\\u5f85\\u98ce\\u63a7\\u5ba1\\u6838\",\"manager\":{\"role\":\"\\u8bc4\\u4f30\\u5e08\",\"name\":\"\\u7f57\\u54e5\",\"created\":\"2016-05-18 17:47:39\"}}', '2016-05-18 17:47:39');
INSERT INTO `oa_check_log` VALUES ('47107', '28', '4305', 'pledge', '{\"title\":\"\\u786e\\u8ba4\\u8f66\\u578b\",\"con\":\"\\u8f66\\u724c\\u53f7\\u7801\\uff1a\\u5dddA12231\",\"next\":\"\\u7b49\\u5f85\\u8bc4\\u4f30\",\"manager\":{\"role\":\"\\u8bc4\\u4f30\\u5e08\",\"name\":\"\\u7f57\\u54e5\",\"created\":\"2016-05-18 17:47:49\"}}', '2016-05-18 17:47:49');
INSERT INTO `oa_check_log` VALUES ('47108', '28', '4305', 'pledge', '{\"title\":\"\\u8bc4\\u4f30\\u7ec4\\u957f\\u5206\\u914d\\u4efb\\u52a1\",\"con\":\"\\u5206\\u914d\\u7ed9\\u8bc4\\u4f30\\u5e08\\uff1a\\u5c0f\\u963f\\u5f3a\",\"next\":\"\\u7b49\\u5f85\\u8bc4\\u4f30\",\"manager\":{\"role\":\"\\u8bc4\\u4f30\\u5e08\",\"name\":\"\\u7f57\\u54e5\",\"created\":\"2016-05-18 17:47:51\"}}', '2016-05-18 17:47:51');
INSERT INTO `oa_check_log` VALUES ('47109', '28', '4304', 'pledge', '{\"title\":\"\\u786e\\u8ba4\\u8f66\\u578b\",\"con\":\"\\u8f66\\u724c\\u53f7\\u7801\\uff1a\\u5dddA89890\",\"next\":\"\\u7b49\\u5f85\\u8bc4\\u4f30\",\"manager\":{\"role\":\"\\u8bc4\\u4f30\\u5e08\",\"name\":\"\\u7f57\\u54e5\",\"created\":\"2016-05-18 17:48:01\"}}', '2016-05-18 17:48:01');
INSERT INTO `oa_check_log` VALUES ('47110', '28', '4304', 'pledge', '{\"title\":\"\\u8bc4\\u4f30\\u7ec4\\u957f\\u5206\\u914d\\u4efb\\u52a1\",\"con\":\"\\u5206\\u914d\\u7ed9\\u8bc4\\u4f30\\u5e08\\uff1a\\u5c0f\\u963f\\u5f3a\",\"next\":\"\\u7b49\\u5f85\\u8bc4\\u4f30\",\"manager\":{\"role\":\"\\u8bc4\\u4f30\\u5e08\",\"name\":\"\\u7f57\\u54e5\",\"created\":\"2016-05-18 17:48:05\"}}', '2016-05-18 17:48:05');
INSERT INTO `oa_check_log` VALUES ('47111', '28', '4303', 'pledge', '{\"title\":\"\\u786e\\u8ba4\\u8f66\\u578b\",\"con\":\"\\u8f66\\u724c\\u53f7\\u7801\\uff1a\\u5dddD56565\",\"next\":\"\\u7b49\\u5f85\\u8bc4\\u4f30\",\"manager\":{\"role\":\"\\u8bc4\\u4f30\\u5e08\",\"name\":\"\\u7f57\\u54e5\",\"created\":\"2016-05-18 17:48:14\"}}', '2016-05-18 17:48:14');
INSERT INTO `oa_check_log` VALUES ('47112', '28', '4303', 'pledge', '{\"title\":\"\\u8bc4\\u4f30\\u5e08\\u5df2\\u63d0\\u4ea4\\u8bc4\\u4f30\\u5355\",\"con\":\"\\u7cfb\\u7edf\\u7cbe\\u786e\\u5b9a\\u4ef7\\uff1a45.03\\u4e07\\uff0c\\u8bc4\\u4f30\\u5e08\\u5b9a\\u4ef7\\uff1a1111111.00\\u4e07\",\"next\":\"\\u7b49\\u5f85\\u98ce\\u63a7\\u5ba1\\u6838\",\"manager\":{\"role\":\"\\u8bc4\\u4f30\\u5e08\",\"name\":\"\\u7f57\\u54e5\",\"created\":\"2016-05-18 17:48:30\"}}', '2016-05-18 17:48:30');
INSERT INTO `oa_check_log` VALUES ('47113', '28', '4302', 'pledge', '{\"title\":\"\\u786e\\u8ba4\\u8f66\\u578b\",\"con\":\"\\u8f66\\u724c\\u53f7\\u7801\\uff1a\\u5dddA99890\",\"next\":\"\\u7b49\\u5f85\\u8bc4\\u4f30\",\"manager\":{\"role\":\"\\u8bc4\\u4f30\\u5e08\",\"name\":\"\\u7f57\\u54e5\",\"created\":\"2016-05-18 17:48:40\"}}', '2016-05-18 17:48:40');
INSERT INTO `oa_check_log` VALUES ('47114', '28', '4302', 'pledge', '{\"title\":\"\\u8bc4\\u4f30\\u5e08\\u5df2\\u63d0\\u4ea4\\u8bc4\\u4f30\\u5355\",\"con\":\"\\u7cfb\\u7edf\\u7cbe\\u786e\\u5b9a\\u4ef7\\uff1a19.95\\u4e07\\uff0c\\u8bc4\\u4f30\\u5e08\\u5b9a\\u4ef7\\uff1a11.00\\u4e07\",\"next\":\"\\u7b49\\u5f85\\u98ce\\u63a7\\u5ba1\\u6838\",\"manager\":{\"role\":\"\\u8bc4\\u4f30\\u5e08\",\"name\":\"\\u7f57\\u54e5\",\"created\":\"2016-05-18 17:48:56\"}}', '2016-05-18 17:48:56');
INSERT INTO `oa_check_log` VALUES ('47115', '28', '4301', 'pledge', '{\"title\":\"\\u786e\\u8ba4\\u8f66\\u578b\",\"con\":\"\\u8f66\\u724c\\u53f7\\u7801\\uff1a\\u5dddA89898\",\"next\":\"\\u7b49\\u5f85\\u8bc4\\u4f30\",\"manager\":{\"role\":\"\\u8bc4\\u4f30\\u5e08\",\"name\":\"\\u7f57\\u54e5\",\"created\":\"2016-05-18 17:49:25\"}}', '2016-05-18 17:49:25');
INSERT INTO `oa_check_log` VALUES ('47116', '28', '4301', 'pledge', '{\"title\":\"\\u8bc4\\u4f30\\u5e08\\u5df2\\u63d0\\u4ea4\\u8bc4\\u4f30\\u5355\",\"con\":\"\\u7cfb\\u7edf\\u7cbe\\u786e\\u5b9a\\u4ef7\\uff1a202.37\\u4e07\\uff0c\\u8bc4\\u4f30\\u5e08\\u5b9a\\u4ef7\\uff1a200.00\\u4e07\",\"next\":\"\\u7b49\\u5f85\\u98ce\\u63a7\\u5ba1\\u6838\",\"manager\":{\"role\":\"\\u8bc4\\u4f30\\u5e08\",\"name\":\"\\u7f57\\u54e5\",\"created\":\"2016-05-18 17:49:50\"}}', '2016-05-18 17:49:50');
INSERT INTO `oa_check_log` VALUES ('47117', '28', '4300', 'pledge', '{\"title\":\"\\u786e\\u8ba4\\u8f66\\u578b\",\"con\":\"\\u8f66\\u724c\\u53f7\\u7801\\uff1a\\u5dddW95999\",\"next\":\"\\u7b49\\u5f85\\u8bc4\\u4f30\",\"manager\":{\"role\":\"\\u8bc4\\u4f30\\u5e08\",\"name\":\"\\u7f57\\u54e5\",\"created\":\"2016-05-18 17:50:00\"}}', '2016-05-18 17:50:00');
INSERT INTO `oa_check_log` VALUES ('47118', '28', '4300', 'pledge', '{\"title\":\"\\u8bc4\\u4f30\\u5e08\\u5df2\\u63d0\\u4ea4\\u8bc4\\u4f30\\u5355\",\"con\":\"\\u7cfb\\u7edf\\u7cbe\\u786e\\u5b9a\\u4ef7\\uff1a200.24\\u4e07\\uff0c\\u8bc4\\u4f30\\u5e08\\u5b9a\\u4ef7\\uff1a99999999.99\\u4e07\",\"next\":\"\\u7b49\\u5f85\\u98ce\\u63a7\\u5ba1\\u6838\",\"manager\":{\"role\":\"\\u8bc4\\u4f30\\u5e08\",\"name\":\"\\u7f57\\u54e5\",\"created\":\"2016-05-18 17:50:14\"}}', '2016-05-18 17:50:14');
INSERT INTO `oa_check_log` VALUES ('47119', '28', '4299', 'pledge', '{\"title\":\"\\u786e\\u8ba4\\u8f66\\u578b\",\"con\":\"\\u8f66\\u724c\\u53f7\\u7801\\uff1a\\u5dddA56565\",\"next\":\"\\u7b49\\u5f85\\u8bc4\\u4f30\",\"manager\":{\"role\":\"\\u8bc4\\u4f30\\u5e08\",\"name\":\"\\u7f57\\u54e5\",\"created\":\"2016-05-18 17:50:26\"}}', '2016-05-18 17:50:26');
INSERT INTO `oa_check_log` VALUES ('47120', '28', '4299', 'pledge', '{\"title\":\"\\u8bc4\\u4f30\\u5e08\\u5df2\\u63d0\\u4ea4\\u8bc4\\u4f30\\u5355\",\"con\":\"\\u7cfb\\u7edf\\u7cbe\\u786e\\u5b9a\\u4ef7\\uff1a80.47\\u4e07\\uff0c\\u8bc4\\u4f30\\u5e08\\u5b9a\\u4ef7\\uff1a99999999.99\\u4e07\",\"next\":\"\\u7b49\\u5f85\\u98ce\\u63a7\\u5ba1\\u6838\",\"manager\":{\"role\":\"\\u8bc4\\u4f30\\u5e08\",\"name\":\"\\u7f57\\u54e5\",\"created\":\"2016-05-18 17:50:48\"}}', '2016-05-18 17:50:48');
INSERT INTO `oa_check_log` VALUES ('47121', '28', '4296', 'pledge', '{\"title\":\"\\u786e\\u8ba4\\u8f66\\u578b\",\"con\":\"\\u8f66\\u724c\\u53f7\\u7801\\uff1a\\u5dddA12231\",\"next\":\"\\u7b49\\u5f85\\u8bc4\\u4f30\",\"manager\":{\"role\":\"\\u8bc4\\u4f30\\u5e08\",\"name\":\"\\u7f57\\u54e5\",\"created\":\"2016-05-18 17:50:59\"}}', '2016-05-18 17:50:59');
INSERT INTO `oa_check_log` VALUES ('47122', '28', '4296', 'pledge', '{\"title\":\"\\u8bc4\\u4f30\\u5e08\\u5df2\\u63d0\\u4ea4\\u8bc4\\u4f30\\u5355\",\"con\":\"\\u7cfb\\u7edf\\u7cbe\\u786e\\u5b9a\\u4ef7\\uff1a18.58\\u4e07\\uff0c\\u8bc4\\u4f30\\u5e08\\u5b9a\\u4ef7\\uff1a1111.00\\u4e07\",\"next\":\"\\u7b49\\u5f85\\u98ce\\u63a7\\u5ba1\\u6838\",\"manager\":{\"role\":\"\\u8bc4\\u4f30\\u5e08\",\"name\":\"\\u7f57\\u54e5\",\"created\":\"2016-05-18 17:51:11\"}}', '2016-05-18 17:51:11');
INSERT INTO `oa_check_log` VALUES ('47123', '28', '4298', 'pledge', '{\"title\":\"\\u786e\\u8ba4\\u8f66\\u578b\",\"con\":\"\\u8f66\\u724c\\u53f7\\u7801\\uff1a\\u5dddA12231\",\"next\":\"\\u7b49\\u5f85\\u8bc4\\u4f30\",\"manager\":{\"role\":\"\\u8bc4\\u4f30\\u5e08\",\"name\":\"\\u7f57\\u54e5\",\"created\":\"2016-05-18 17:51:22\"}}', '2016-05-18 17:51:22');
INSERT INTO `oa_check_log` VALUES ('47124', '28', '4298', 'pledge', '{\"title\":\"\\u8bc4\\u4f30\\u5e08\\u5df2\\u63d0\\u4ea4\\u8bc4\\u4f30\\u5355\",\"con\":\"\\u7cfb\\u7edf\\u7cbe\\u786e\\u5b9a\\u4ef7\\uff1a15.67\\u4e07\\uff0c\\u8bc4\\u4f30\\u5e08\\u5b9a\\u4ef7\\uff1a11111.00\\u4e07\",\"next\":\"\\u7b49\\u5f85\\u98ce\\u63a7\\u5ba1\\u6838\",\"manager\":{\"role\":\"\\u8bc4\\u4f30\\u5e08\",\"name\":\"\\u7f57\\u54e5\",\"created\":\"2016-05-18 17:51:35\"}}', '2016-05-18 17:51:35');
INSERT INTO `oa_check_log` VALUES ('47125', '28', '4297', 'pledge', '{\"title\":\"\\u786e\\u8ba4\\u8f66\\u578b\",\"con\":\"\\u8f66\\u724c\\u53f7\\u7801\\uff1a\\u5dddA89898\",\"next\":\"\\u7b49\\u5f85\\u8bc4\\u4f30\",\"manager\":{\"role\":\"\\u8bc4\\u4f30\\u5e08\",\"name\":\"\\u7f57\\u54e5\",\"created\":\"2016-05-18 17:51:46\"}}', '2016-05-18 17:51:46');
INSERT INTO `oa_check_log` VALUES ('47126', '28', '4297', 'pledge', '{\"title\":\"\\u8bc4\\u4f30\\u5e08\\u5df2\\u63d0\\u4ea4\\u8bc4\\u4f30\\u5355\",\"con\":\"\\u7cfb\\u7edf\\u7cbe\\u786e\\u5b9a\\u4ef7\\uff1a12.40\\u4e07\\uff0c\\u8bc4\\u4f30\\u5e08\\u5b9a\\u4ef7\\uff1a111.00\\u4e07\",\"next\":\"\\u7b49\\u5f85\\u98ce\\u63a7\\u5ba1\\u6838\",\"manager\":{\"role\":\"\\u8bc4\\u4f30\\u5e08\",\"name\":\"\\u7f57\\u54e5\",\"created\":\"2016-05-18 17:52:01\"}}', '2016-05-18 17:52:01');
INSERT INTO `oa_check_log` VALUES ('47127', '31', '4308', 'pledge', '{\"title\":\"\\u8bc4\\u4f30\\u5e08\\u5df2\\u63d0\\u4ea4\\u8bc4\\u4f30\\u5355\",\"con\":\"\\u7cfb\\u7edf\\u7cbe\\u786e\\u5b9a\\u4ef7\\uff1a12.40\\u4e07\\uff0c\\u8bc4\\u4f30\\u5e08\\u5b9a\\u4ef7\\uff1a99999999.99\\u4e07\",\"next\":\"\\u7b49\\u5f85\\u98ce\\u63a7\\u5ba1\\u6838\",\"manager\":{\"role\":\"\\u8bc4\\u4f30\\u5e08\",\"name\":\"\\u5c0f\\u963f\\u5f3a\",\"created\":\"2016-05-18 17:52:30\"}}', '2016-05-18 17:52:30');
INSERT INTO `oa_check_log` VALUES ('47128', '31', '4305', 'pledge', '{\"title\":\"\\u8bc4\\u4f30\\u5e08\\u5df2\\u63d0\\u4ea4\\u8bc4\\u4f30\\u5355\",\"con\":\"\\u7cfb\\u7edf\\u7cbe\\u786e\\u5b9a\\u4ef7\\uff1a12.40\\u4e07\\uff0c\\u8bc4\\u4f30\\u5e08\\u5b9a\\u4ef7\\uff1a11111111.00\\u4e07\",\"next\":\"\\u7b49\\u5f85\\u98ce\\u63a7\\u5ba1\\u6838\",\"manager\":{\"role\":\"\\u8bc4\\u4f30\\u5e08\",\"name\":\"\\u5c0f\\u963f\\u5f3a\",\"created\":\"2016-05-18 17:52:50\"}}', '2016-05-18 17:52:50');
INSERT INTO `oa_check_log` VALUES ('47129', '31', '4304', 'pledge', '{\"title\":\"\\u8bc4\\u4f30\\u5e08\\u5df2\\u63d0\\u4ea4\\u8bc4\\u4f30\\u5355\",\"con\":\"\\u7cfb\\u7edf\\u7cbe\\u786e\\u5b9a\\u4ef7\\uff1a12.40\\u4e07\\uff0c\\u8bc4\\u4f30\\u5e08\\u5b9a\\u4ef7\\uff1a11.00\\u4e07\",\"next\":\"\\u7b49\\u5f85\\u98ce\\u63a7\\u5ba1\\u6838\",\"manager\":{\"role\":\"\\u8bc4\\u4f30\\u5e08\",\"name\":\"\\u5c0f\\u963f\\u5f3a\",\"created\":\"2016-05-18 17:53:15\"}}', '2016-05-18 17:53:15');
INSERT INTO `oa_check_log` VALUES ('47130', '32', '4304', 'pledge', '{\"title\":\"\\u62d2\\u7edd\\u653e\\u6b3e\",\"con\":\"\\u98ce\\u63a7\\u5ba1\\u6838-\\u62d2\\u7edd\\u653e\\u6b3e\\uff1a1010\",\"next\":\"\\u6d41\\u7a0b\\u7ed3\\u675f\",\"manager\":{\"role\":\"\\u98ce\\u63a7\",\"name\":\"\\u738b\\u5ddd\",\"created\":\"2016-05-18 17:54:53\"}}', '2016-05-18 17:54:53');
INSERT INTO `oa_check_log` VALUES ('47131', '32', '4305', 'pledge', '{\"title\":\"\\u98ce\\u63a7\\u5df2\\u7ecf\\u5ba1\\u6838\\u540c\\u610f\\u653e\\u6b3e\",\"con\":\"\\u653e\\u6b3e\\u989d\\u5ea6\\uff1a11.00~12.00\\u4e07\",\"next\":\"\\u7b49\\u5f85\\u5ba2\\u6237\\u786e\\u8ba4\",\"manager\":{\"role\":\"\\u98ce\\u63a7\",\"name\":\"\\u738b\\u5ddd\",\"created\":\"2016-05-18 17:55:09\"}}', '2016-05-18 17:55:09');
INSERT INTO `oa_check_log` VALUES ('47132', '32', '4308', 'pledge', '{\"title\":\"\\u98ce\\u63a7\\u6253\\u56de\\u8fdb\\u4ef6\\uff0c\\u9700\\u8981\\u91cd\\u65b0\\u8bc4\\u4f30\",\"con\":\"\\u6253\\u56de\\u8bf4\\u660e\\uff1a1010\",\"next\":\"\\u7b49\\u5f85\\u8bc4\\u4f30\",\"manager\":{\"role\":\"\\u98ce\\u63a7\",\"name\":\"\\u738b\\u5ddd\",\"created\":\"2016-05-18 17:55:24\"}}', '2016-05-18 17:55:24');
INSERT INTO `oa_check_log` VALUES ('47133', '32', '4297', 'pledge', '{\"title\":\"\\u98ce\\u63a7\\u5df2\\u7ecf\\u5ba1\\u6838\\u540c\\u610f\\u653e\\u6b3e\",\"con\":\"\\u653e\\u6b3e\\u989d\\u5ea6\\uff1a11.00~99999999.99\\u4e07\",\"next\":\"\\u7b49\\u5f85\\u5ba2\\u6237\\u786e\\u8ba4\",\"manager\":{\"role\":\"\\u98ce\\u63a7\",\"name\":\"\\u738b\\u5ddd\",\"created\":\"2016-05-18 17:55:41\"}}', '2016-05-18 17:55:41');
INSERT INTO `oa_check_log` VALUES ('47134', '32', '4298', 'pledge', '{\"title\":\"\\u98ce\\u63a7\\u5df2\\u7ecf\\u5ba1\\u6838\\u540c\\u610f\\u653e\\u6b3e\",\"con\":\"\\u653e\\u6b3e\\u989d\\u5ea6\\uff1a11.00~16.00\\u4e07\",\"next\":\"\\u7b49\\u5f85\\u5ba2\\u6237\\u786e\\u8ba4\",\"manager\":{\"role\":\"\\u98ce\\u63a7\",\"name\":\"\\u738b\\u5ddd\",\"created\":\"2016-05-18 17:56:04\"}}', '2016-05-18 17:56:04');
INSERT INTO `oa_check_log` VALUES ('47135', '32', '4296', 'pledge', '{\"title\":\"\\u98ce\\u63a7\\u5df2\\u7ecf\\u5ba1\\u6838\\u540c\\u610f\\u653e\\u6b3e\",\"con\":\"\\u653e\\u6b3e\\u989d\\u5ea6\\uff1a11.00~111111.00\\u4e07\",\"next\":\"\\u7b49\\u5f85\\u5ba2\\u6237\\u786e\\u8ba4\",\"manager\":{\"role\":\"\\u98ce\\u63a7\",\"name\":\"\\u738b\\u5ddd\",\"created\":\"2016-05-18 17:56:38\"}}', '2016-05-18 17:56:38');
INSERT INTO `oa_check_log` VALUES ('47136', '32', '4299', 'pledge', '{\"title\":\"\\u98ce\\u63a7\\u5df2\\u7ecf\\u5ba1\\u6838\\u540c\\u610f\\u653e\\u6b3e\",\"con\":\"\\u653e\\u6b3e\\u989d\\u5ea6\\uff1a11.00~12.00\\u4e07\",\"next\":\"\\u7b49\\u5f85\\u5ba2\\u6237\\u786e\\u8ba4\",\"manager\":{\"role\":\"\\u98ce\\u63a7\",\"name\":\"\\u738b\\u5ddd\",\"created\":\"2016-05-18 17:56:58\"}}', '2016-05-18 17:56:58');
INSERT INTO `oa_check_log` VALUES ('47137', '32', '4300', 'pledge', '{\"title\":\"\\u98ce\\u63a7\\u5df2\\u7ecf\\u5ba1\\u6838\\u540c\\u610f\\u653e\\u6b3e\",\"con\":\"\\u653e\\u6b3e\\u989d\\u5ea6\\uff1a100.00~200.00\\u4e07\",\"next\":\"\\u7b49\\u5f85\\u5ba2\\u6237\\u786e\\u8ba4\",\"manager\":{\"role\":\"\\u98ce\\u63a7\",\"name\":\"\\u738b\\u5ddd\",\"created\":\"2016-05-18 17:57:17\"}}', '2016-05-18 17:57:17');
INSERT INTO `oa_check_log` VALUES ('47138', '32', '4301', 'pledge', '{\"title\":\"\\u98ce\\u63a7\\u5df2\\u7ecf\\u5ba1\\u6838\\u540c\\u610f\\u653e\\u6b3e\",\"con\":\"\\u653e\\u6b3e\\u989d\\u5ea6\\uff1a100.00~150.00\\u4e07\",\"next\":\"\\u7b49\\u5f85\\u5ba2\\u6237\\u786e\\u8ba4\",\"manager\":{\"role\":\"\\u98ce\\u63a7\",\"name\":\"\\u738b\\u5ddd\",\"created\":\"2016-05-18 17:57:44\"}}', '2016-05-18 17:57:44');
INSERT INTO `oa_check_log` VALUES ('47139', '32', '4302', 'pledge', '{\"title\":\"\\u98ce\\u63a7\\u5df2\\u7ecf\\u5ba1\\u6838\\u540c\\u610f\\u653e\\u6b3e\",\"con\":\"\\u653e\\u6b3e\\u989d\\u5ea6\\uff1a15.00~18.00\\u4e07\",\"next\":\"\\u7b49\\u5f85\\u5ba2\\u6237\\u786e\\u8ba4\",\"manager\":{\"role\":\"\\u98ce\\u63a7\",\"name\":\"\\u738b\\u5ddd\",\"created\":\"2016-05-18 17:58:04\"}}', '2016-05-18 17:58:04');
INSERT INTO `oa_check_log` VALUES ('47140', '32', '4309', 'pledge', '{\"title\":\"\\u98ce\\u63a7\\u6253\\u56de\\u8fdb\\u4ef6\\uff0c\\u9700\\u8981\\u91cd\\u65b0\\u8bc4\\u4f30\",\"con\":\"\\u6253\\u56de\\u8bf4\\u660e\\uff1a1010\",\"next\":\"\\u7b49\\u5f85\\u8bc4\\u4f30\",\"manager\":{\"role\":\"\\u98ce\\u63a7\",\"name\":\"\\u738b\\u5ddd\",\"created\":\"2016-05-18 17:58:23\"}}', '2016-05-18 17:58:23');
INSERT INTO `oa_check_log` VALUES ('47141', '32', '4307', 'pledge', '{\"title\":\"\\u98ce\\u63a7\\u5df2\\u7ecf\\u5ba1\\u6838\\u540c\\u610f\\u653e\\u6b3e\",\"con\":\"\\u653e\\u6b3e\\u989d\\u5ea6\\uff1a11111.00~99999999.99\\u4e07\",\"next\":\"\\u7b49\\u5f85\\u5ba2\\u6237\\u786e\\u8ba4\",\"manager\":{\"role\":\"\\u98ce\\u63a7\",\"name\":\"\\u738b\\u5ddd\",\"created\":\"2016-05-18 17:58:40\"}}', '2016-05-18 17:58:40');
INSERT INTO `oa_check_log` VALUES ('47142', '32', '4303', 'pledge', '{\"title\":\"\\u98ce\\u63a7\\u5df2\\u7ecf\\u5ba1\\u6838\\u540c\\u610f\\u653e\\u6b3e\",\"con\":\"\\u653e\\u6b3e\\u989d\\u5ea6\\uff1a111.00~111111.00\\u4e07\",\"next\":\"\\u7b49\\u5f85\\u5ba2\\u6237\\u786e\\u8ba4\",\"manager\":{\"role\":\"\\u98ce\\u63a7\",\"name\":\"\\u738b\\u5ddd\",\"created\":\"2016-05-18 17:59:43\"}}', '2016-05-18 17:59:43');
INSERT INTO `oa_check_log` VALUES ('47143', '32', '4306', 'pledge', '{\"title\":\"\\u98ce\\u63a7\\u5df2\\u7ecf\\u5ba1\\u6838\\u540c\\u610f\\u653e\\u6b3e\",\"con\":\"\\u653e\\u6b3e\\u989d\\u5ea6\\uff1a11111.00~99999999.99\\u4e07\",\"next\":\"\\u7b49\\u5f85\\u5ba2\\u6237\\u786e\\u8ba4\",\"manager\":{\"role\":\"\\u98ce\\u63a7\",\"name\":\"\\u738b\\u5ddd\",\"created\":\"2016-05-18 18:00:00\"}}', '2016-05-18 18:00:00');
INSERT INTO `oa_check_log` VALUES ('47144', '34', '4296', 'pledge', '{\"title\":\"\\u5ba2\\u6237\\u5df2\\u786e\\u8ba4\",\"con\":\"\\u8d37\\u6b3e\\u91d1\\u989d\\uff1a1110000\\u5143\",\"next\":\"\\u653e\\u6b3e\\u5b8c\\u6210\",\"manager\":{\"role\":\"\\u4e1a\\u52a1\\u5458\",\"name\":\"\\u5c0f\\u963f\\u5efa\",\"created\":\"2016-05-18 18:28:56\"}}', '2016-05-18 18:28:56');
INSERT INTO `oa_check_log` VALUES ('47145', '34', '4297', 'pledge', '{\"title\":\"\\u5ba2\\u6237\\u5df2\\u786e\\u8ba4\",\"con\":\"\\u8d37\\u6b3e\\u91d1\\u989d\\uff1a1500000\\u5143\",\"next\":\"\\u653e\\u6b3e\\u5b8c\\u6210\",\"manager\":{\"role\":\"\\u4e1a\\u52a1\\u5458\",\"name\":\"\\u5c0f\\u963f\\u5efa\",\"created\":\"2016-05-18 18:29:46\"}}', '2016-05-18 18:29:46');
INSERT INTO `oa_check_log` VALUES ('47146', '34', '4298', 'pledge', '{\"title\":\"\\u5ba2\\u6237\\u5df2\\u786e\\u8ba4\",\"con\":\"\\u8d37\\u6b3e\\u91d1\\u989d\\uff1a50000\\u5143\",\"next\":\"\\u653e\\u6b3e\\u5b8c\\u6210\",\"manager\":{\"role\":\"\\u4e1a\\u52a1\\u5458\",\"name\":\"\\u5c0f\\u963f\\u5efa\",\"created\":\"2016-05-18 18:30:18\"}}', '2016-05-18 18:30:18');
INSERT INTO `oa_check_log` VALUES ('47147', '34', '4299', 'pledge', '{\"title\":\"\\u4e1a\\u52a1\\u5458\\u6253\\u56de\\u8fdb\\u4ef6\\uff0c\\u9700\\u8981\\u91cd\\u65b0\\u5ba1\\u6838\",\"con\":\"\\u6253\\u56de\\u8bf4\\u660e\\uff1a0000\",\"next\":\"\\u7b49\\u5f85\\u98ce\\u63a7\\u7ed9\\u4ef7\",\"manager\":{\"role\":\"\\u4e1a\\u52a1\\u5458\",\"name\":\"\\u5c0f\\u963f\\u5efa\",\"created\":\"2016-05-18 18:30:36\"}}', '2016-05-18 18:30:36');
INSERT INTO `oa_check_log` VALUES ('47148', '34', '4300', 'pledge', '{\"title\":\"\\u5ba2\\u6237\\u5df2\\u786e\\u8ba4\",\"con\":\"\\u8d37\\u6b3e\\u91d1\\u989d\\uff1a2000000\\u5143\",\"next\":\"\\u653e\\u6b3e\\u5b8c\\u6210\",\"manager\":{\"role\":\"\\u4e1a\\u52a1\\u5458\",\"name\":\"\\u5c0f\\u963f\\u5efa\",\"created\":\"2016-05-18 18:31:04\"}}', '2016-05-18 18:31:04');
INSERT INTO `oa_check_log` VALUES ('47149', '34', '4301', 'pledge', '{\"title\":\"\\u5ba2\\u6237\\u5df2\\u786e\\u8ba4\",\"con\":\"\\u8d37\\u6b3e\\u91d1\\u989d\\uff1a1000000\\u5143\",\"next\":\"\\u653e\\u6b3e\\u5b8c\\u6210\",\"manager\":{\"role\":\"\\u4e1a\\u52a1\\u5458\",\"name\":\"\\u5c0f\\u963f\\u5efa\",\"created\":\"2016-05-18 18:31:43\"}}', '2016-05-18 18:31:43');
INSERT INTO `oa_check_log` VALUES ('47150', '28', '4309', 'pledge', '{\"title\":\"\\u8bc4\\u4f30\\u5e08\\u5df2\\u63d0\\u4ea4\\u8bc4\\u4f30\\u5355\",\"con\":\"\\u7cfb\\u7edf\\u7cbe\\u786e\\u5b9a\\u4ef7\\uff1a10.92\\u4e07\\uff0c\\u8bc4\\u4f30\\u5e08\\u5b9a\\u4ef7\\uff1a11.00\\u4e07\",\"next\":\"\\u7b49\\u5f85\\u98ce\\u63a7\\u5ba1\\u6838\",\"manager\":{\"role\":\"\\u8bc4\\u4f30\\u5e08\",\"name\":\"\\u7f57\\u54e5\",\"created\":\"2016-05-18 18:35:55\"}}', '2016-05-18 18:35:55');
INSERT INTO `oa_check_log` VALUES ('47151', '28', '4310', 'pledge', '{\"title\":\"\\u4e1a\\u52a1\\u8fdb\\u4ef6\",\"con\":\"2003\\u6b3e \\u963f\\u5c14\\u6cd5\\u7f57\\u5bc6\\u6b27Gtv Gtv\\u4f30\\u503c\\uff1a13.55\\u4e07\",\"next\":\"\\u7b49\\u5f85\\u8bc4\\u4f30\\u5e08\\u786e\\u8ba4\\u8f66\\u578b\",\"manager\":{\"role\":\"\\u8bc4\\u4f30\\u5e08\",\"name\":\"\\u7f57\\u54e5\",\"created\":\"2016-05-18 18:36:17\"}}', '2016-05-18 18:36:17');
INSERT INTO `oa_check_log` VALUES ('47152', '28', '4310', 'pledge', '{\"title\":\"\\u786e\\u8ba4\\u8f66\\u578b\",\"con\":\"\\u8f66\\u724c\\u53f7\\u7801\\uff1a\\u5dddH10101\",\"next\":\"\\u7b49\\u5f85\\u8bc4\\u4f30\",\"manager\":{\"role\":\"\\u8bc4\\u4f30\\u5e08\",\"name\":\"\\u7f57\\u54e5\",\"created\":\"2016-05-18 18:36:33\"}}', '2016-05-18 18:36:33');
INSERT INTO `oa_check_log` VALUES ('47153', '28', '4310', 'pledge', '{\"title\":\"\\u8bc4\\u4f30\\u5e08\\u5df2\\u63d0\\u4ea4\\u8bc4\\u4f30\\u5355\",\"con\":\"\\u7cfb\\u7edf\\u7cbe\\u786e\\u5b9a\\u4ef7\\uff1a12.48\\u4e07\\uff0c\\u8bc4\\u4f30\\u5e08\\u5b9a\\u4ef7\\uff1a11111.00\\u4e07\",\"next\":\"\\u7b49\\u5f85\\u98ce\\u63a7\\u5ba1\\u6838\",\"manager\":{\"role\":\"\\u8bc4\\u4f30\\u5e08\",\"name\":\"\\u7f57\\u54e5\",\"created\":\"2016-05-18 18:36:49\"}}', '2016-05-18 18:36:49');
INSERT INTO `oa_check_log` VALUES ('47154', '34', '4306', 'pledge', '{\"title\":\"\\u5ba2\\u6237\\u5df2\\u786e\\u8ba4\",\"con\":\"\\u8d37\\u6b3e\\u91d1\\u989d\\uff1a1111110000\\u5143\",\"next\":\"\\u653e\\u6b3e\\u5b8c\\u6210\",\"manager\":{\"role\":\"\\u4e1a\\u52a1\\u5458\",\"name\":\"\\u5c0f\\u963f\\u5efa\",\"created\":\"2016-05-19 23:14:51\"}}', '2016-05-19 23:14:51');
INSERT INTO `oa_check_log` VALUES ('47155', '32', '4311', 'pledge', '{\"title\":\"\\u4e1a\\u52a1\\u8fdb\\u4ef6\",\"con\":\"2003\\u6b3e \\u963f\\u5c14\\u6cd5\\u7f57\\u5bc6\\u6b27Gtv Gtv\\u4f30\\u503c\\uff1a13.49\\u4e07\",\"next\":\"\\u7b49\\u5f85\\u8bc4\\u4f30\\u5e08\\u786e\\u8ba4\\u8f66\\u578b\",\"manager\":{\"role\":\"\\u98ce\\u63a7\",\"name\":\"\\u738b\\u5ddd\",\"created\":\"2016-05-19 23:50:03\"}}', '2016-05-19 23:50:03');
INSERT INTO `oa_check_log` VALUES ('47156', '32', '4312', 'pledge', '{\"title\":\"\\u4e1a\\u52a1\\u8fdb\\u4ef6\",\"con\":\"2003\\u6b3e \\u963f\\u65af\\u987f\\u9a6c\\u4e01DB7 Vantage\\u4f30\\u503c\\uff1a17.02\\u4e07\",\"next\":\"\\u7b49\\u5f85\\u8bc4\\u4f30\\u5e08\\u786e\\u8ba4\\u8f66\\u578b\",\"manager\":{\"role\":\"\\u98ce\\u63a7\",\"name\":\"\\u738b\\u5ddd\",\"created\":\"2016-05-19 23:50:52\"}}', '2016-05-19 23:50:52');
INSERT INTO `oa_check_log` VALUES ('47157', '27', '4313', 'pledge', '{\"title\":\"\\u4e1a\\u52a1\\u8fdb\\u4ef6\",\"con\":\"2016\\u6b3e \\u5965\\u8feaA4L 30 TFSI \\u5178\\u85cf\\u7248 \\u81ea\\u52a8\\u8212\\u9002\\u578b\\u4f30\\u503c\\uff1a19.18\\u4e07\",\"next\":\"\\u7b49\\u5f85\\u8bc4\\u4f30\\u5e08\\u786e\\u8ba4\\u8f66\\u578b\",\"manager\":{\"role\":\"\\u8d85\\u7ea7\\u7ba1\\u7406\\u5458\",\"name\":\"\\u5510\\u4e09\\u85cf\",\"created\":\"2016-05-20 00:08:26\"}}', '2016-05-20 00:08:26');
INSERT INTO `oa_check_log` VALUES ('47158', '34', '4314', 'pledge', '{\"title\":\"\\u4e1a\\u52a1\\u8fdb\\u4ef6\",\"con\":\"2003\\u6b3e \\u963f\\u5c14\\u6cd5\\u7f57\\u5bc6\\u6b27Gtv Gtv\\u4f30\\u503c\\uff1a13.4\\u4e07\",\"next\":\"\\u7b49\\u5f85\\u8bc4\\u4f30\\u5e08\\u786e\\u8ba4\\u8f66\\u578b\",\"manager\":{\"role\":\"\\u4e1a\\u52a1\\u5458\",\"name\":\"\\u767d\\u9aa8\\u7cbe\",\"created\":\"2016-05-20 00:27:49\"}}', '2016-05-20 00:27:49');
INSERT INTO `oa_check_log` VALUES ('47159', '28', '4311', 'pledge', '{\"title\":\"\\u4fee\\u6539\\u8f66\\u8f86\\u4fe1\\u606f\",\"con\":\"2003\\u6b3e \\u963f\\u5c14\\u6cd5\\u7f57\\u5bc6\\u6b27Gtv Gtv\\u4f30\\u503c\\uff1a13.57\\u4e07\",\"next\":\"\\u7b49\\u5f85\\u8bc4\\u4f30\",\"manager\":{\"role\":\"\\u8bc4\\u4f30\\u5e08\",\"name\":\"\\u5b59\\u609f\\u7a7a\",\"created\":\"2016-05-20 00:32:42\"}}', '2016-05-20 00:32:42');
INSERT INTO `oa_check_log` VALUES ('47160', '28', '4311', 'pledge', '{\"title\":\"\\u786e\\u8ba4\\u8f66\\u578b\",\"con\":\"\\u8f66\\u724c\\u53f7\\u7801\\uff1a\\u5dddA12231\",\"next\":\"\\u7b49\\u5f85\\u8bc4\\u4f30\",\"manager\":{\"role\":\"\\u8bc4\\u4f30\\u5e08\",\"name\":\"\\u5b59\\u609f\\u7a7a\",\"created\":\"2016-05-20 00:32:48\"}}', '2016-05-20 00:32:48');
INSERT INTO `oa_check_log` VALUES ('47161', '28', '4311', 'pledge', '{\"title\":\"\\u8bc4\\u4f30\\u5e08\\u5df2\\u63d0\\u4ea4\\u8bc4\\u4f30\\u5355\",\"con\":\"\\u7cfb\\u7edf\\u7cbe\\u786e\\u5b9a\\u4ef7\\uff1a12.49\\u4e07\\uff0c\\u8bc4\\u4f30\\u5e08\\u5b9a\\u4ef7\\uff1a11.00\\u4e07\",\"next\":\"\\u7b49\\u5f85\\u98ce\\u63a7\\u5ba1\\u6838\",\"manager\":{\"role\":\"\\u8bc4\\u4f30\\u5e08\",\"name\":\"\\u5b59\\u609f\\u7a7a\",\"created\":\"2016-05-20 00:35:54\"}}', '2016-05-20 00:35:54');
INSERT INTO `oa_check_log` VALUES ('47162', '28', '4312', 'pledge', '{\"title\":\"\\u4fee\\u6539\\u8f66\\u8f86\\u4fe1\\u606f\",\"con\":\"2003\\u6b3e \\u963f\\u65af\\u987f\\u9a6c\\u4e01DB7 Vantage\\u4f30\\u503c\\uff1a16.83\\u4e07\",\"next\":\"\\u7b49\\u5f85\\u8bc4\\u4f30\",\"manager\":{\"role\":\"\\u8bc4\\u4f30\\u5e08\",\"name\":\"\\u5b59\\u609f\\u7a7a\",\"created\":\"2016-05-20 00:36:55\"}}', '2016-05-20 00:36:55');
INSERT INTO `oa_check_log` VALUES ('47163', '28', '4312', 'pledge', '{\"title\":\"\\u786e\\u8ba4\\u8f66\\u578b\",\"con\":\"\\u8f66\\u724c\\u53f7\\u7801\\uff1a\\u5dddO98989\",\"next\":\"\\u7b49\\u5f85\\u8bc4\\u4f30\",\"manager\":{\"role\":\"\\u8bc4\\u4f30\\u5e08\",\"name\":\"\\u5b59\\u609f\\u7a7a\",\"created\":\"2016-05-20 00:36:59\"}}', '2016-05-20 00:36:59');
INSERT INTO `oa_check_log` VALUES ('47164', '34', '4303', 'pledge', '{\"title\":\"\\u4e1a\\u52a1\\u5458\\u6253\\u56de\\u8fdb\\u4ef6\\uff0c\\u9700\\u8981\\u91cd\\u65b0\\u5ba1\\u6838\",\"con\":\"\\u6253\\u56de\\u8bf4\\u660e\\uff1a1010\",\"next\":\"\\u7b49\\u5f85\\u98ce\\u63a7\\u7ed9\\u4ef7\",\"manager\":{\"role\":\"\\u4e1a\\u52a1\\u5458\",\"name\":\"\\u767d\\u9aa8\\u7cbe\",\"created\":\"2016-05-20 00:48:19\"}}', '2016-05-20 00:48:19');
INSERT INTO `oa_check_log` VALUES ('47165', '32', '4311', 'pledge', '{\"title\":\"\\u98ce\\u63a7\\u5df2\\u7ecf\\u5ba1\\u6838\\u540c\\u610f\\u653e\\u6b3e\",\"con\":\"\\u653e\\u6b3e\\u989d\\u5ea6\\uff1a11.00~13.00\\u4e07\",\"next\":\"\\u7b49\\u5f85\\u5ba2\\u6237\\u786e\\u8ba4\",\"manager\":{\"role\":\"\\u98ce\\u63a7\",\"name\":\"\\u6c99\\u548c\\u5c1a\",\"created\":\"2016-05-20 00:51:58\"}}', '2016-05-20 00:51:58');
INSERT INTO `oa_check_log` VALUES ('47166', '34', '4305', 'pledge', '{\"title\":\"\\u4e1a\\u52a1\\u5458\\u6253\\u56de\\u8fdb\\u4ef6\\uff0c\\u9700\\u8981\\u91cd\\u65b0\\u5ba1\\u6838\",\"con\":\"\\u6253\\u56de\\u8bf4\\u660e\\uff1a10\",\"next\":\"\\u7b49\\u5f85\\u98ce\\u63a7\\u7ed9\\u4ef7\",\"manager\":{\"role\":\"\\u4e1a\\u52a1\\u5458\",\"name\":\"\\u767d\\u9aa8\\u7cbe\",\"created\":\"2016-05-20 00:52:57\"}}', '2016-05-20 00:52:57');
INSERT INTO `oa_check_log` VALUES ('47167', '32', '4310', 'pledge', '{\"title\":\"\\u98ce\\u63a7\\u5df2\\u7ecf\\u5ba1\\u6838\\u540c\\u610f\\u653e\\u6b3e\",\"con\":\"\\u653e\\u6b3e\\u989d\\u5ea6\\uff1a15.00~16.00\\u4e07\",\"next\":\"\\u7b49\\u5f85\\u5ba2\\u6237\\u786e\\u8ba4\",\"manager\":{\"role\":\"\\u98ce\\u63a7\",\"name\":\"\\u6c99\\u548c\\u5c1a\",\"created\":\"2016-05-20 00:55:15\"}}', '2016-05-20 00:55:15');
INSERT INTO `oa_check_log` VALUES ('47168', '32', '4305', 'pledge', '{\"title\":\"\\u98ce\\u63a7\\u5df2\\u7ecf\\u5ba1\\u6838\\u540c\\u610f\\u653e\\u6b3e\",\"con\":\"\\u653e\\u6b3e\\u989d\\u5ea6\\uff1a11.00~16.00\\u4e07\",\"next\":\"\\u7b49\\u5f85\\u5ba2\\u6237\\u786e\\u8ba4\",\"manager\":{\"role\":\"\\u98ce\\u63a7\",\"name\":\"\\u6c99\\u548c\\u5c1a\",\"created\":\"2016-05-20 00:55:45\"}}', '2016-05-20 00:55:45');
INSERT INTO `oa_check_log` VALUES ('47169', '32', '4299', 'pledge', '{\"title\":\"\\u98ce\\u63a7\\u5df2\\u7ecf\\u5ba1\\u6838\\u540c\\u610f\\u653e\\u6b3e\",\"con\":\"\\u653e\\u6b3e\\u989d\\u5ea6\\uff1a11.00~18.00\\u4e07\",\"next\":\"\\u7b49\\u5f85\\u5ba2\\u6237\\u786e\\u8ba4\",\"manager\":{\"role\":\"\\u98ce\\u63a7\",\"name\":\"\\u6c99\\u548c\\u5c1a\",\"created\":\"2016-05-20 00:56:09\"}}', '2016-05-20 00:56:09');
INSERT INTO `oa_check_log` VALUES ('47170', '32', '4303', 'pledge', '{\"title\":\"\\u98ce\\u63a7\\u5df2\\u7ecf\\u5ba1\\u6838\\u540c\\u610f\\u653e\\u6b3e\",\"con\":\"\\u653e\\u6b3e\\u989d\\u5ea6\\uff1a111.00~111111.00\\u4e07\",\"next\":\"\\u7b49\\u5f85\\u5ba2\\u6237\\u786e\\u8ba4\",\"manager\":{\"role\":\"\\u98ce\\u63a7\",\"name\":\"\\u6c99\\u548c\\u5c1a\",\"created\":\"2016-05-20 00:56:31\"}}', '2016-05-20 00:56:31');
INSERT INTO `oa_check_log` VALUES ('47171', '32', '4309', 'pledge', '{\"title\":\"\\u98ce\\u63a7\\u5df2\\u7ecf\\u5ba1\\u6838\\u540c\\u610f\\u653e\\u6b3e\",\"con\":\"\\u653e\\u6b3e\\u989d\\u5ea6\\uff1a5.00~6.00\\u4e07\",\"next\":\"\\u7b49\\u5f85\\u5ba2\\u6237\\u786e\\u8ba4\",\"manager\":{\"role\":\"\\u98ce\\u63a7\",\"name\":\"\\u6c99\\u548c\\u5c1a\",\"created\":\"2016-05-20 00:56:51\"}}', '2016-05-20 00:56:51');
INSERT INTO `oa_check_log` VALUES ('47172', '32', '4311', 'pledge', '{\"title\":\"\\u5ba2\\u6237\\u5df2\\u786e\\u8ba4\",\"con\":\"\\u8d37\\u6b3e\\u91d1\\u989d\\uff1a110000\\u5143\",\"next\":\"\\u653e\\u6b3e\\u5b8c\\u6210\",\"manager\":{\"role\":\"\\u98ce\\u63a7\",\"name\":\"\\u6c99\\u548c\\u5c1a\",\"created\":\"2016-05-20 00:57:12\"}}', '2016-05-20 00:57:12');
INSERT INTO `oa_check_log` VALUES ('47173', '34', '4303', 'pledge', '{\"title\":\"\\u5ba2\\u6237\\u5df2\\u786e\\u8ba4\",\"con\":\"\\u8d37\\u6b3e\\u91d1\\u989d\\uff1a111110000\\u5143\",\"next\":\"\\u653e\\u6b3e\\u5b8c\\u6210\",\"manager\":{\"role\":\"\\u4e1a\\u52a1\\u5458\",\"name\":\"\\u767d\\u9aa8\\u7cbe\",\"created\":\"2016-05-20 00:59:09\"}}', '2016-05-20 00:59:09');
INSERT INTO `oa_check_log` VALUES ('47174', '34', '4315', 'pledge', '{\"title\":\"\\u4e1a\\u52a1\\u8fdb\\u4ef6\",\"con\":\"2003\\u6b3e \\u963f\\u65af\\u987f\\u9a6c\\u4e01DB7 Vantage\\u4f30\\u503c\\uff1a17.02\\u4e07\",\"next\":\"\\u7b49\\u5f85\\u8bc4\\u4f30\\u5e08\\u786e\\u8ba4\\u8f66\\u578b\",\"manager\":{\"role\":\"\\u4e1a\\u52a1\\u5458\",\"name\":\"\\u767d\\u9aa8\\u7cbe\",\"created\":\"2016-05-20 03:13:47\"}}', '2016-05-20 03:13:47');
INSERT INTO `oa_check_log` VALUES ('47175', '34', '4316', 'pledge', '{\"title\":\"\\u4e1a\\u52a1\\u8fdb\\u4ef6\",\"con\":\"2015\\u6b3e \\u4fdd\\u65f6\\u6377Boxster Style Edition 2.7L\\u4f30\\u503c\\uff1a60.47\\u4e07\",\"next\":\"\\u7b49\\u5f85\\u8bc4\\u4f30\\u5e08\\u786e\\u8ba4\\u8f66\\u578b\",\"manager\":{\"role\":\"\\u4e1a\\u52a1\\u5458\",\"name\":\"\\u767d\\u9aa8\\u7cbe\",\"created\":\"2016-05-20 03:14:42\"}}', '2016-05-20 03:14:42');
INSERT INTO `oa_check_log` VALUES ('47176', '28', '4316', 'pledge', '{\"title\":\"\\u786e\\u8ba4\\u8f66\\u578b\",\"con\":\"\\u8f66\\u724c\\u53f7\\u7801\\uff1a\\u5dddA88888\",\"next\":\"\\u7b49\\u5f85\\u8bc4\\u4f30\",\"manager\":{\"role\":\"\\u8bc4\\u4f30\\u5e08\",\"name\":\"\\u5b59\\u609f\\u7a7a\",\"created\":\"2016-05-20 03:15:52\"}}', '2016-05-20 03:15:52');
INSERT INTO `oa_check_log` VALUES ('47177', '28', '4316', 'pledge', '{\"title\":\"\\u8bc4\\u4f30\\u5e08\\u5df2\\u63d0\\u4ea4\\u8bc4\\u4f30\\u5355\",\"con\":\"\\u7cfb\\u7edf\\u7cbe\\u786e\\u5b9a\\u4ef7\\uff1a57.60\\u4e07\\uff0c\\u8bc4\\u4f30\\u5e08\\u5b9a\\u4ef7\\uff1a111.00\\u4e07\",\"next\":\"\\u7b49\\u5f85\\u98ce\\u63a7\\u5ba1\\u6838\",\"manager\":{\"role\":\"\\u8bc4\\u4f30\\u5e08\",\"name\":\"\\u5b59\\u609f\\u7a7a\",\"created\":\"2016-05-20 03:17:25\"}}', '2016-05-20 03:17:25');
INSERT INTO `oa_check_log` VALUES ('47178', '32', '4317', 'pledge', '{\"title\":\"\\u4e1a\\u52a1\\u8fdb\\u4ef6\",\"con\":\"2003\\u6b3e \\u963f\\u5c14\\u6cd5\\u7f57\\u5bc6\\u6b27Gtv Gtv\\u4f30\\u503c\\uff1a13.57\\u4e07\",\"next\":\"\\u7b49\\u5f85\\u8bc4\\u4f30\\u5e08\\u786e\\u8ba4\\u8f66\\u578b\",\"manager\":{\"role\":\"\\u98ce\\u63a7\",\"name\":\"\\u6c99\\u548c\\u5c1a\",\"created\":\"2016-05-20 03:46:23\"}}', '2016-05-20 03:46:23');
INSERT INTO `oa_check_log` VALUES ('47179', '34', '4318', 'pledge', '{\"title\":\"\\u4e1a\\u52a1\\u8fdb\\u4ef6\",\"con\":\"2016\\u6b3e \\u5965\\u8feaA4L 30 TFSI \\u5178\\u85cf\\u7248 \\u81ea\\u52a8\\u8212\\u9002\\u578b\\u4f30\\u503c\\uff1a23.84\\u4e07\",\"next\":\"\\u7b49\\u5f85\\u8bc4\\u4f30\\u5e08\\u786e\\u8ba4\\u8f66\\u578b\",\"manager\":{\"role\":\"\\u4e1a\\u52a1\\u5458\",\"name\":\"\\u767d\\u9aa8\\u7cbe\",\"created\":\"2016-05-21 09:46:24\"}}', '2016-05-21 09:46:24');
INSERT INTO `oa_check_log` VALUES ('47180', '34', '4319', 'pledge', '{\"title\":\"\\u4e1a\\u52a1\\u8fdb\\u4ef6\",\"con\":\"2003\\u6b3e \\u963f\\u5c14\\u6cd5\\u7f57\\u5bc6\\u6b27Gtv Gtv\\u4f30\\u503c\\uff1a12.98\\u4e07\",\"next\":\"\\u7b49\\u5f85\\u8bc4\\u4f30\\u5e08\\u786e\\u8ba4\\u8f66\\u578b\",\"manager\":{\"role\":\"\\u4e1a\\u52a1\\u5458\",\"name\":\"\\u767d\\u9aa8\\u7cbe\",\"created\":\"2016-05-21 09:47:19\"}}', '2016-05-21 09:47:19');
INSERT INTO `oa_check_log` VALUES ('47181', '28', '4319', 'pledge', '{\"title\":\"\\u4fee\\u6539\\u8f66\\u8f86\\u4fe1\\u606f\",\"con\":\"2003\\u6b3e \\u963f\\u5c14\\u6cd5\\u7f57\\u5bc6\\u6b27Gtv Gtv\\u4f30\\u503c\\uff1a12.91\\u4e07\",\"next\":\"\\u7b49\\u5f85\\u8bc4\\u4f30\",\"manager\":{\"role\":\"\\u8bc4\\u4f30\\u5e08\",\"name\":\"\\u5b59\\u609f\\u7a7a\",\"created\":\"2016-05-21 12:11:59\"}}', '2016-05-21 12:11:59');
INSERT INTO `oa_check_log` VALUES ('47182', '28', '4319', 'pledge', '{\"title\":\"\\u786e\\u8ba4\\u8f66\\u578b\",\"con\":\"\\u8f66\\u724c\\u53f7\\u7801\\uff1a\\u5dddS89898\",\"next\":\"\\u7b49\\u5f85\\u8bc4\\u4f30\",\"manager\":{\"role\":\"\\u8bc4\\u4f30\\u5e08\",\"name\":\"\\u5b59\\u609f\\u7a7a\",\"created\":\"2016-05-21 12:12:00\"}}', '2016-05-21 12:12:00');
INSERT INTO `oa_check_log` VALUES ('47183', '28', '4319', 'pledge', '{\"title\":\"\\u8bc4\\u4f30\\u5e08\\u5df2\\u63d0\\u4ea4\\u8bc4\\u4f30\\u5355\",\"con\":\"\\u7cfb\\u7edf\\u7cbe\\u786e\\u5b9a\\u4ef7\\uff1a11.90\\u4e07\\uff0c\\u8bc4\\u4f30\\u5e08\\u5b9a\\u4ef7\\uff1a1111.00\\u4e07\",\"next\":\"\\u7b49\\u5f85\\u98ce\\u63a7\\u5ba1\\u6838\",\"manager\":{\"role\":\"\\u8bc4\\u4f30\\u5e08\",\"name\":\"\\u5b59\\u609f\\u7a7a\",\"created\":\"2016-05-21 12:12:23\"}}', '2016-05-21 12:12:23');
INSERT INTO `oa_check_log` VALUES ('47184', '32', '4316', 'pledge', '{\"title\":\"\\u98ce\\u63a7\\u5df2\\u7ecf\\u5ba1\\u6838\\u540c\\u610f\\u653e\\u6b3e\",\"con\":\"\\u653e\\u6b3e\\u989d\\u5ea6\\uff1a25.00~30.00\\u4e07\",\"next\":\"\\u7b49\\u5f85\\u5ba2\\u6237\\u786e\\u8ba4\",\"manager\":{\"role\":\"\\u98ce\\u63a7\",\"name\":\"\\u6c99\\u548c\\u5c1a\",\"created\":\"2016-05-21 12:17:51\"}}', '2016-05-21 12:17:51');
INSERT INTO `oa_check_log` VALUES ('47185', '34', '4316', 'pledge', '{\"title\":\"\\u5ba2\\u6237\\u5df2\\u786e\\u8ba4\",\"con\":\"\\u8d37\\u6b3e\\u91d1\\u989d\\uff1a300000\\u5143\",\"next\":\"\\u653e\\u6b3e\\u5b8c\\u6210\",\"manager\":{\"role\":\"\\u4e1a\\u52a1\\u5458\",\"name\":\"\\u767d\\u9aa8\\u7cbe\",\"created\":\"2016-05-21 12:18:42\"}}', '2016-05-21 12:18:42');

-- ----------------------------
-- Table structure for oa_employee
-- ----------------------------
DROP TABLE IF EXISTS `oa_employee`;
CREATE TABLE `oa_employee` (
  `uid` smallint(5) unsigned NOT NULL AUTO_INCREMENT COMMENT '员工编号',
  `realname` varchar(20) NOT NULL COMMENT '姓名',
  `region` varchar(100) NOT NULL DEFAULT '1' COMMENT '所属分公司区域',
  `office` enum('salesman','wind','admin','assess') DEFAULT 'salesman' COMMENT 'salesman:业务员，assess，评估师，wind，风控，admin：管理员',
  `mobile` char(11) DEFAULT NULL COMMENT '手机号码',
  `stores` tinyint(4) DEFAULT '1' COMMENT '所属门店',
  `superior` int(11) unsigned NOT NULL DEFAULT '0' COMMENT '所属上级',
  `is_driver` tinyint(4) unsigned DEFAULT '0' COMMENT '是否为司机',
  `status` enum('deny','allow') NOT NULL DEFAULT 'allow' COMMENT '账号是否可用[allow：允许、deny：无效]',
  `created` timestamp NOT NULL DEFAULT CURRENT_TIMESTAMP ON UPDATE CURRENT_TIMESTAMP COMMENT '添加时间',
  PRIMARY KEY (`uid`)
) ENGINE=InnoDB AUTO_INCREMENT=35 DEFAULT CHARSET=utf8 COMMENT='员工信息';

-- ----------------------------
-- Records of oa_employee
-- ----------------------------
INSERT INTO `oa_employee` VALUES ('27', '唐三藏', '2', 'admin', '17761298110', '1', '0', '0', 'allow', '2016-05-19 23:55:14');
INSERT INTO `oa_employee` VALUES ('28', '孙悟空', '2', 'assess', '18628017110', '1', '0', '0', 'allow', '2016-05-19 23:56:47');
INSERT INTO `oa_employee` VALUES ('31', '猪八戒', '2', 'assess', '13540192110', '1', '28', '0', 'allow', '2016-05-19 23:56:52');
INSERT INTO `oa_employee` VALUES ('32', '沙和尚', '2', 'wind', '18980647110', '1', '0', '1', 'allow', '2016-05-19 23:56:56');
INSERT INTO `oa_employee` VALUES ('34', '白骨精', '2', 'salesman', '18628394110', '1', '0', '0', 'allow', '2016-05-19 23:57:01');

-- ----------------------------
-- Table structure for oa_evaluate_bill
-- ----------------------------
DROP TABLE IF EXISTS `oa_evaluate_bill`;
CREATE TABLE `oa_evaluate_bill` (
  `id` int(10) unsigned NOT NULL AUTO_INCREMENT COMMENT 'ID自动递增',
  `aid` int(10) unsigned NOT NULL COMMENT '进件ID',
  `car_price` decimal(10,2) NOT NULL DEFAULT '0.00' COMMENT '评估师给价格',
  `car_info` text NOT NULL COMMENT '评估车辆信息【扩展】',
  `explain` varchar(200) DEFAULT NULL COMMENT '评估说明',
  `status` enum('done','draft') NOT NULL DEFAULT 'draft' COMMENT '''done''：提交,''draft''：草稿',
  `uid` int(10) unsigned NOT NULL DEFAULT '0' COMMENT '提交人ID',
  `created` int(10) unsigned NOT NULL DEFAULT '0' COMMENT '提交时间',
  `modify_time` timestamp NOT NULL DEFAULT CURRENT_TIMESTAMP ON UPDATE CURRENT_TIMESTAMP COMMENT '修改时间',
  PRIMARY KEY (`id`)
) ENGINE=InnoDB AUTO_INCREMENT=3709 DEFAULT CHARSET=utf8;

-- ----------------------------
-- Records of oa_evaluate_bill
-- ----------------------------
INSERT INTO `oa_evaluate_bill` VALUES ('3690', '4309', '11.00', '{\"assess\":{\"trend\":[{\"eval_price\":\"10.92\",\"trend_year\":2016},{\"eval_price\":\"10.91\",\"trend_year\":2017},{\"eval_price\":\"9.38\",\"trend_year\":2018}],\"eval_prices\":{\"c2b_price\":\"10.92\",\"b2b_price\":\"11.08\",\"b2c_price\":\"11.81\"},\"model_info\":{\"liter\":\"1.8T\",\"gear_type\":\"\\u81ea\\u52a8\",\"highlight_config\":[\"\\u591a\\u529f\\u80fd\\u65b9\\u5411\\u76d8\",\"\\u65b9\\u5411\\u76d8\\u6362\\u6321\",\"\\u7535\\u52a8\\u5929\\u7a97\",\"\\u5927\\u706f\\u6e05\\u6d17\\u88c5\\u7f6e\",\"\\u6c19\\u6c14\\u5927\\u706f\",\"\\u540e\\u89c6\\u955c\\u52a0\\u70ed\"]},\"color\":\"\\u767d\\u8272\",\"interior\":\"\\u4f18\",\"surface\":\"\\u4f18\",\"work_state\":\"\\u4f18\",\"pro_date\":\"2012-12\",\"vpoints\":\"\",\"violation\":\"0\",\"fine\":\"\",\"carkey\":\"1\\u628a\",\"car_credentials\":\"1\",\"takeoffon\":\"1\",\"annualaudit\":\"2016-05\",\"highlight\":[\"\\u591a\\u529f\\u80fd\\u65b9\\u5411\\u76d8\",\"\\u5bfc\\u822a\\u5927\\u5c4f\",\"\\u5bfc\\u822a\\u5c0f\\u5c4f\"]},\"is_confirm\":1}', '1111111111', 'done', '28', '1463564776', '2016-05-18 18:35:55');
INSERT INTO `oa_evaluate_bill` VALUES ('3691', '4308', '99999999.99', '{\"assess\":{\"trend\":[{\"eval_price\":\"12.40\",\"trend_year\":2016},{\"eval_price\":\"12.25\",\"trend_year\":2017},{\"eval_price\":\"11.17\",\"trend_year\":2018}],\"eval_prices\":{\"c2b_price\":\"12.40\",\"b2b_price\":\"12.94\",\"b2c_price\":\"15.67\"},\"model_info\":{\"liter\":\"3.0L\",\"gear_type\":\"\\u624b\\u52a8\",\"highlight_config\":[\"\\u5927\\u706f\\u6e05\\u6d17\\u88c5\\u7f6e\",\"\\u540e\\u89c6\\u955c\\u52a0\\u70ed\"]},\"color\":\"\\u767d\\u8272\",\"interior\":\"\\u4f18\",\"surface\":\"\\u4f18\",\"work_state\":\"\\u4f18\",\"pro_date\":\"2007-12\",\"vpoints\":\"\",\"violation\":\"0\",\"fine\":\"\",\"carkey\":\"1\\u628a\",\"car_credentials\":\"1\",\"takeoffon\":\"1\",\"annualaudit\":\"2016-05\"},\"is_confirm\":1}', '111111111111', 'draft', '31', '1463564802', '2016-05-18 17:55:24');
INSERT INTO `oa_evaluate_bill` VALUES ('3692', '4307', '10.00', '{\"assess\":{\"trend\":[{\"eval_price\":\"15.58\",\"trend_year\":2016},{\"eval_price\":\"15.38\",\"trend_year\":2017},{\"eval_price\":\"14.33\",\"trend_year\":2018}],\"eval_prices\":{\"c2b_price\":\"15.58\",\"b2b_price\":\"15.75\",\"b2c_price\":\"16.60\"},\"model_info\":{\"liter\":\"1.8T\",\"gear_type\":\"\\u624b\\u52a8\",\"highlight_config\":[]},\"color\":\"\\u767d\\u8272\",\"interior\":\"\\u4f18\",\"surface\":\"\\u4f18\",\"work_state\":\"\\u4f18\",\"pro_date\":\"2016-05\",\"vpoints\":\"\",\"violation\":\"0\",\"fine\":\"\",\"carkey\":\"1\\u628a\",\"car_credentials\":\"1\",\"takeoffon\":\"1\",\"annualaudit\":\"2016-05\",\"highlight\":[\"\\u591a\\u529f\\u80fd\\u65b9\\u5411\\u76d8\",\"\\u5e95\\u76d8\\u5347\\u964d\",\"\\u7535\\u52a8\\u540e\\u80cc\\u95e8\"]},\"is_confirm\":1}', '11111', 'done', '28', '1463564814', '2016-05-18 17:47:12');
INSERT INTO `oa_evaluate_bill` VALUES ('3693', '4306', '11.00', '{\"assess\":{\"trend\":[{\"eval_price\":\"12.48\",\"trend_year\":2016},{\"eval_price\":\"12.31\",\"trend_year\":2017},{\"eval_price\":\"11.22\",\"trend_year\":2018}],\"eval_prices\":{\"c2b_price\":\"12.48\",\"b2b_price\":\"13.03\",\"b2c_price\":\"15.76\"},\"model_info\":{\"liter\":\"3.0L\",\"gear_type\":\"\\u624b\\u52a8\",\"highlight_config\":[\"\\u5927\\u706f\\u6e05\\u6d17\\u88c5\\u7f6e\",\"\\u540e\\u89c6\\u955c\\u52a0\\u70ed\"]},\"color\":\"\\u767d\\u8272\",\"interior\":\"\\u4f18\",\"surface\":\"\\u4f18\",\"work_state\":\"\\u4f18\",\"pro_date\":\"2007-12\",\"vpoints\":\"\",\"violation\":\"0\",\"fine\":\"\",\"carkey\":\"1\\u628a\",\"car_credentials\":\"1\",\"takeoffon\":\"1\",\"annualaudit\":\"2016-05\"},\"is_confirm\":1}', '11111111', 'done', '28', '1463564846', '2016-05-18 17:47:38');
INSERT INTO `oa_evaluate_bill` VALUES ('3694', '4305', '11111111.00', '{\"assess\":{\"trend\":[{\"eval_price\":\"12.40\",\"trend_year\":2016},{\"eval_price\":\"12.25\",\"trend_year\":2017},{\"eval_price\":\"11.17\",\"trend_year\":2018}],\"eval_prices\":{\"c2b_price\":\"12.40\",\"b2b_price\":\"12.94\",\"b2c_price\":\"15.67\"},\"model_info\":{\"liter\":\"3.0L\",\"gear_type\":\"\\u624b\\u52a8\",\"highlight_config\":[\"\\u5927\\u706f\\u6e05\\u6d17\\u88c5\\u7f6e\",\"\\u540e\\u89c6\\u955c\\u52a0\\u70ed\"]},\"color\":\"\\u767d\\u8272\",\"interior\":\"\\u4f18\",\"surface\":\"\\u4f18\",\"work_state\":\"\\u4f18\",\"pro_date\":\"2007-12\",\"vpoints\":\"\",\"violation\":\"0\",\"fine\":\"\",\"carkey\":\"1\\u628a\",\"car_credentials\":\"1\",\"takeoffon\":\"1\",\"annualaudit\":\"2016-05\"},\"is_confirm\":1}', '1111111111111111111', 'done', '31', '1463564868', '2016-05-18 17:52:49');
INSERT INTO `oa_evaluate_bill` VALUES ('3695', '4304', '11.00', '{\"assess\":{\"trend\":[{\"eval_price\":\"12.40\",\"trend_year\":2016},{\"eval_price\":\"12.25\",\"trend_year\":2017},{\"eval_price\":\"11.17\",\"trend_year\":2018}],\"eval_prices\":{\"c2b_price\":\"12.40\",\"b2b_price\":\"12.94\",\"b2c_price\":\"15.67\"},\"model_info\":{\"liter\":\"3.0L\",\"gear_type\":\"\\u624b\\u52a8\",\"highlight_config\":[\"\\u5927\\u706f\\u6e05\\u6d17\\u88c5\\u7f6e\",\"\\u540e\\u89c6\\u955c\\u52a0\\u70ed\"]},\"color\":\"\\u767d\\u8272\",\"interior\":\"\\u4f18\",\"surface\":\"\\u4f18\",\"work_state\":\"\\u4f18\",\"pro_date\":\"2007-11\",\"vpoints\":\"\",\"violation\":\"0\",\"fine\":\"\",\"carkey\":\"1\\u628a\",\"car_credentials\":\"1\",\"takeoffon\":\"1\",\"annualaudit\":\"2016-05\",\"highlight\":[\"\\u591a\\u529f\\u80fd\\u65b9\\u5411\\u76d8\",\"\\u5e95\\u76d8\\u5347\\u964d\",\"\\u7535\\u52a8\\u540e\\u80cc\\u95e8\"]},\"is_confirm\":1}', '1111111111111111', 'done', '31', '1463564881', '2016-05-18 17:53:15');
INSERT INTO `oa_evaluate_bill` VALUES ('3696', '4303', '1111111.00', '{\"assess\":{\"trend\":[{\"eval_price\":\"45.03\",\"trend_year\":2016},{\"eval_price\":\"43.80\",\"trend_year\":2017},{\"eval_price\":\"40.09\",\"trend_year\":2018}],\"eval_prices\":{\"c2b_price\":\"45.03\",\"b2b_price\":\"45.73\",\"b2c_price\":\"49.27\"},\"model_info\":{\"liter\":\"2.7L\",\"gear_type\":\"\\u81ea\\u52a8\",\"highlight_config\":[]},\"color\":\"\\u767d\\u8272\",\"interior\":\"\\u4f18\",\"surface\":\"\\u4f18\",\"work_state\":\"\\u4f18\",\"pro_date\":\"2016-05\",\"vpoints\":\"\",\"violation\":\"0\",\"fine\":\"\",\"carkey\":\"1\\u628a\",\"car_credentials\":\"1\",\"takeoffon\":\"1\",\"annualaudit\":\"2016-05\",\"highlight\":[\"\\u591a\\u529f\\u80fd\\u65b9\\u5411\\u76d8\",\"\\u5e95\\u76d8\\u5347\\u964d\",\"\\u7535\\u52a8\\u540e\\u80cc\\u95e8\"]},\"is_confirm\":1}', '1111111111111', 'done', '28', '1463564894', '2016-05-18 17:48:30');
INSERT INTO `oa_evaluate_bill` VALUES ('3697', '4302', '11.00', '{\"assess\":{\"trend\":[{\"eval_price\":\"19.95\",\"trend_year\":2016},{\"eval_price\":\"18.56\",\"trend_year\":2017},{\"eval_price\":\"17.23\",\"trend_year\":2018}],\"eval_prices\":{\"c2b_price\":\"19.95\",\"b2b_price\":\"20.17\",\"b2c_price\":\"21.25\"},\"model_info\":{\"liter\":\"1.8T\",\"gear_type\":\"\\u624b\\u52a8\",\"highlight_config\":[]},\"color\":\"\\u767d\\u8272\",\"interior\":\"\\u4f18\",\"surface\":\"\\u4f18\",\"work_state\":\"\\u4f18\",\"pro_date\":\"2016-05\",\"vpoints\":\"\",\"violation\":\"0\",\"fine\":\"\",\"carkey\":\"1\\u628a\",\"car_credentials\":\"1\",\"takeoffon\":\"1\",\"annualaudit\":\"2016-05\",\"highlight\":[\"\\u591a\\u529f\\u80fd\\u65b9\\u5411\\u76d8\",\"\\u5e95\\u76d8\\u5347\\u964d\",\"\\u7535\\u52a8\\u540e\\u80cc\\u95e8\"]},\"is_confirm\":1}', '111111111111111111', 'done', '28', '1463564920', '2016-05-18 17:48:56');
INSERT INTO `oa_evaluate_bill` VALUES ('3698', '4301', '200.00', '{\"assess\":{\"trend\":[{\"eval_price\":\"202.37\",\"trend_year\":2016},{\"eval_price\":\"193.97\",\"trend_year\":2017},{\"eval_price\":\"180.65\",\"trend_year\":2018}],\"eval_prices\":{\"c2b_price\":\"202.37\",\"b2b_price\":\"209.55\",\"b2c_price\":\"245.45\"},\"model_info\":{\"liter\":\"6.5L\",\"gear_type\":\"\\u81ea\\u52a8\",\"highlight_config\":[\"\\u6c19\\u6c14\\u5927\\u706f\",\"\\u540e\\u89c6\\u955c\\u52a0\\u70ed\"]},\"color\":\"\\u767d\\u8272\",\"interior\":\"\\u4f18\",\"surface\":\"\\u4f18\",\"work_state\":\"\\u4f18\",\"pro_date\":\"2014-12\",\"vpoints\":\"\",\"violation\":\"0\",\"fine\":\"\",\"carkey\":\"1\\u628a\",\"car_credentials\":\"1\",\"takeoffon\":\"0\",\"annualaudit\":\"2016-05\",\"highlight\":[\"\\u591a\\u529f\\u80fd\\u65b9\\u5411\\u76d8\",\"\\u5e95\\u76d8\\u5347\\u964d\",\"\\u7535\\u52a8\\u540e\\u80cc\\u95e8\"]},\"is_confirm\":1}', '111111111111111', 'done', '28', '1463564965', '2016-05-18 17:49:49');
INSERT INTO `oa_evaluate_bill` VALUES ('3699', '4300', '99999999.99', '{\"assess\":{\"trend\":[{\"eval_price\":\"200.24\",\"trend_year\":2016},{\"eval_price\":\"187.13\",\"trend_year\":2017},{\"eval_price\":\"167.94\",\"trend_year\":2018}],\"eval_prices\":{\"c2b_price\":\"200.24\",\"b2b_price\":\"206.42\",\"b2c_price\":\"237.29\"},\"model_info\":{\"liter\":\"6.0L\",\"gear_type\":\"\\u624b\\u52a8\",\"highlight_config\":[]},\"color\":\"\\u767d\\u8272\",\"interior\":\"\\u4f18\",\"surface\":\"\\u4f18\",\"work_state\":\"\\u4f18\",\"pro_date\":\"2016-05\",\"vpoints\":\"\",\"violation\":\"0\",\"fine\":\"\",\"carkey\":\"1\\u628a\",\"car_credentials\":\"1\",\"takeoffon\":\"1\",\"annualaudit\":\"2016-05\",\"highlight\":[\"\\u591a\\u529f\\u80fd\\u65b9\\u5411\\u76d8\",\"\\u5e95\\u76d8\\u5347\\u964d\",\"\\u7535\\u52a8\\u540e\\u80cc\\u95e8\"]},\"is_confirm\":1}', '111', 'done', '28', '1463565000', '2016-05-18 17:50:13');
INSERT INTO `oa_evaluate_bill` VALUES ('3700', '4299', '99999999.99', '{\"assess\":{\"trend\":[{\"eval_price\":\"80.47\",\"trend_year\":2016},{\"eval_price\":\"79.82\",\"trend_year\":2017},{\"eval_price\":\"74.55\",\"trend_year\":2018}],\"eval_prices\":{\"c2b_price\":\"80.47\",\"b2b_price\":\"81.45\",\"b2c_price\":\"86.35\"},\"model_info\":{\"liter\":\"3.0T\",\"gear_type\":\"\\u81ea\\u52a8\",\"highlight_config\":[\"\\u591a\\u529f\\u80fd\\u65b9\\u5411\\u76d8\",\"\\u65b9\\u5411\\u76d8\\u6362\\u6321\",\"\\u5168\\u666f\\u5929\\u7a97\",\"\\u7535\\u52a8\\u5929\\u7a97\",\"\\u5927\\u706f\\u6e05\\u6d17\\u88c5\\u7f6e\",\"\\u6c19\\u6c14\\u5927\\u706f\",\"\\u540e\\u89c6\\u955c\\u52a0\\u70ed\",\"\\u540e\\u89c6\\u955c\\u7535\\u52a8\\u6298\\u53e0\",\"\\u611f\\u5e94\\u96e8\\u5237\"]},\"color\":\"\\u767d\\u8272\",\"interior\":\"\\u4f18\",\"surface\":\"\\u4f18\",\"work_state\":\"\\u4f18\",\"pro_date\":\"2016-05\",\"vpoints\":\"\",\"violation\":\"0\",\"fine\":\"\",\"carkey\":\"1\\u628a\",\"car_credentials\":\"1\",\"takeoffon\":\"1\",\"annualaudit\":\"2016-05\"},\"is_confirm\":1}', '1111111111', 'done', '28', '1463565026', '2016-05-18 17:50:48');
INSERT INTO `oa_evaluate_bill` VALUES ('3701', '4296', '1111.00', '{\"assess\":{\"trend\":[{\"eval_price\":\"18.58\",\"trend_year\":2016},{\"eval_price\":\"17.82\",\"trend_year\":2017},{\"eval_price\":\"16.46\",\"trend_year\":2018}],\"eval_prices\":{\"c2b_price\":\"18.58\",\"b2b_price\":\"18.79\",\"b2c_price\":\"19.82\"},\"model_info\":{\"liter\":\"1.8T\",\"gear_type\":\"\\u81ea\\u52a8\",\"highlight_config\":[]},\"color\":\"\\u767d\\u8272\",\"interior\":\"\\u4f18\",\"surface\":\"\\u4f18\",\"work_state\":\"\\u4f18\",\"pro_date\":\"2016-05\",\"vpoints\":\"\",\"violation\":\"0\",\"fine\":\"\",\"carkey\":\"1\\u628a\",\"car_credentials\":\"1\",\"takeoffon\":\"1\",\"annualaudit\":\"2016-05\",\"highlight\":[\"\\u591a\\u529f\\u80fd\\u65b9\\u5411\\u76d8\",\"\\u5e95\\u76d8\\u5347\\u964d\",\"\\u7535\\u52a8\\u540e\\u80cc\\u95e8\"]},\"is_confirm\":1}', '111111111111', 'done', '28', '1463565059', '2016-05-18 17:51:11');
INSERT INTO `oa_evaluate_bill` VALUES ('3702', '4298', '11111.00', '{\"assess\":{\"trend\":[{\"eval_price\":\"15.67\",\"trend_year\":2016},{\"eval_price\":\"15.46\",\"trend_year\":2017},{\"eval_price\":\"14.10\",\"trend_year\":2018}],\"eval_prices\":{\"c2b_price\":\"15.67\",\"b2b_price\":\"16.35\",\"b2c_price\":\"19.79\"},\"model_info\":{\"liter\":\"5.9L\",\"gear_type\":\"\\u81ea\\u52a8\",\"highlight_config\":[\"\\u6c19\\u6c14\\u5927\\u706f\"]},\"color\":\"\\u767d\\u8272\",\"interior\":\"\\u4f18\",\"surface\":\"\\u4f18\",\"work_state\":\"\\u4f18\",\"pro_date\":\"2007-12\",\"vpoints\":\"\",\"violation\":\"0\",\"fine\":\"\",\"carkey\":\"1\\u628a\",\"car_credentials\":\"1\",\"takeoffon\":\"1\",\"annualaudit\":\"2016-05\",\"highlight\":[\"\\u591a\\u529f\\u80fd\\u65b9\\u5411\\u76d8\",\"\\u5e95\\u76d8\\u5347\\u964d\"]},\"is_confirm\":1}', '1111111111111', 'done', '28', '1463565082', '2016-05-18 17:51:35');
INSERT INTO `oa_evaluate_bill` VALUES ('3703', '4297', '111.00', '{\"assess\":{\"trend\":[{\"eval_price\":\"12.40\",\"trend_year\":2016},{\"eval_price\":\"12.25\",\"trend_year\":2017},{\"eval_price\":\"11.17\",\"trend_year\":2018}],\"eval_prices\":{\"c2b_price\":\"12.40\",\"b2b_price\":\"12.94\",\"b2c_price\":\"15.67\"},\"model_info\":{\"liter\":\"3.0L\",\"gear_type\":\"\\u624b\\u52a8\",\"highlight_config\":[\"\\u5927\\u706f\\u6e05\\u6d17\\u88c5\\u7f6e\",\"\\u540e\\u89c6\\u955c\\u52a0\\u70ed\"]},\"color\":\"\\u767d\\u8272\",\"interior\":\"\\u4f18\",\"surface\":\"\\u4f18\",\"work_state\":\"\\u4f18\",\"pro_date\":\"2007-12\",\"vpoints\":\"\",\"violation\":\"0\",\"fine\":\"\",\"carkey\":\"1\\u628a\",\"car_credentials\":\"1\",\"takeoffon\":\"1\",\"annualaudit\":\"2016-05\",\"highlight\":[\"\\u591a\\u529f\\u80fd\\u65b9\\u5411\\u76d8\",\"\\u5e95\\u76d8\\u5347\\u964d\",\"\\u7535\\u52a8\\u540e\\u80cc\\u95e8\"]},\"is_confirm\":1}', '111111111111111111', 'done', '28', '1463565106', '2016-05-18 17:52:01');
INSERT INTO `oa_evaluate_bill` VALUES ('3704', '4310', '11111.00', '{\"assess\":{\"trend\":[{\"eval_price\":\"12.48\",\"trend_year\":2016},{\"eval_price\":\"12.31\",\"trend_year\":2017},{\"eval_price\":\"11.22\",\"trend_year\":2018}],\"eval_prices\":{\"c2b_price\":\"12.48\",\"b2b_price\":\"13.03\",\"b2c_price\":\"15.76\"},\"model_info\":{\"liter\":\"3.0L\",\"gear_type\":\"\\u624b\\u52a8\",\"highlight_config\":[\"\\u5927\\u706f\\u6e05\\u6d17\\u88c5\\u7f6e\",\"\\u540e\\u89c6\\u955c\\u52a0\\u70ed\"]},\"color\":\"\\u767d\\u8272\",\"interior\":\"\\u4f18\",\"surface\":\"\\u4f18\",\"work_state\":\"\\u4f18\",\"pro_date\":\"2007-12\",\"vpoints\":\"11111111\",\"violation\":\"0\",\"fine\":\"\",\"carkey\":\"1\\u628a\",\"car_credentials\":\"1\",\"takeoffon\":\"1\",\"annualaudit\":\"2016-05\",\"highlight\":[\"\\u591a\\u529f\\u80fd\\u65b9\\u5411\\u76d8\",\"\\u5e95\\u76d8\\u5347\\u964d\",\"\\u7535\\u52a8\\u540e\\u80cc\\u95e8\",\"\\u7535\\u5438\\u95e8\"]},\"is_confirm\":1}', '111111111111', 'done', '28', '1463567793', '2016-05-18 18:36:49');
INSERT INTO `oa_evaluate_bill` VALUES ('3705', '4311', '11.00', '{\"assess\":{\"trend\":[{\"eval_price\":\"12.49\",\"trend_year\":2016},{\"eval_price\":\"12.33\",\"trend_year\":2017},{\"eval_price\":\"11.25\",\"trend_year\":2018}],\"eval_prices\":{\"c2b_price\":\"12.49\",\"b2b_price\":\"13.04\",\"b2c_price\":\"15.78\"},\"model_info\":{\"liter\":\"3.0L\",\"gear_type\":\"\\u624b\\u52a8\",\"highlight_config\":[\"\\u5927\\u706f\\u6e05\\u6d17\\u88c5\\u7f6e\",\"\\u540e\\u89c6\\u955c\\u52a0\\u70ed\"]},\"color\":\"\\u767d\\u8272\",\"interior\":\"\\u4f18\",\"surface\":\"\\u4f18\",\"work_state\":\"\\u4f18\",\"pro_date\":\"2007-12\",\"vpoints\":\"\",\"violation\":\"0\",\"fine\":\"\",\"carkey\":\"1\\u628a\",\"car_credentials\":\"1\",\"takeoffon\":\"1\",\"annualaudit\":\"2016-05\"},\"is_confirm\":1}', '111111111111', 'done', '28', '1463675568', '2016-05-20 00:35:54');
INSERT INTO `oa_evaluate_bill` VALUES ('3706', '4312', '0.00', '{\"is_confirm\":1}', null, 'draft', '28', '1463675819', '2016-05-20 00:36:59');
INSERT INTO `oa_evaluate_bill` VALUES ('3707', '4316', '111.00', '{\"assess\":{\"trend\":[{\"eval_price\":\"57.60\",\"trend_year\":2016},{\"eval_price\":\"52.62\",\"trend_year\":2017},{\"eval_price\":\"47.63\",\"trend_year\":2018}],\"eval_prices\":{\"c2b_price\":\"57.60\",\"b2b_price\":\"58.47\",\"b2c_price\":\"62.84\"},\"model_info\":{\"liter\":\"2.7L\",\"gear_type\":\"\\u81ea\\u52a8\",\"highlight_config\":[\"\\u5927\\u706f\\u6e05\\u6d17\\u88c5\\u7f6e\",\"\\u540e\\u89c6\\u955c\\u52a0\\u70ed\",\"\\u540e\\u89c6\\u955c\\u7535\\u52a8\\u6298\\u53e0\",\"\\u611f\\u5e94\\u96e8\\u5237\"]},\"color\":\"\\u767d\\u8272\",\"interior\":\"\\u4f18\",\"surface\":\"\\u4f18\",\"work_state\":\"\\u4f18\",\"pro_date\":\"2016-05\",\"vpoints\":\"\",\"violation\":\"0\",\"fine\":\"\",\"carkey\":\"1\\u628a\",\"car_credentials\":\"1\",\"takeoffon\":\"1\",\"annualaudit\":\"2016-05\"},\"is_confirm\":1}', '1111111', 'done', '28', '1463685352', '2016-05-20 03:17:25');
INSERT INTO `oa_evaluate_bill` VALUES ('3708', '4319', '1111.00', '{\"assess\":{\"trend\":[{\"eval_price\":\"11.90\",\"trend_year\":2016},{\"eval_price\":\"11.74\",\"trend_year\":2017},{\"eval_price\":\"10.71\",\"trend_year\":2018}],\"eval_prices\":{\"c2b_price\":\"11.90\",\"b2b_price\":\"12.41\",\"b2c_price\":\"14.99\"},\"model_info\":{\"liter\":\"3.0L\",\"gear_type\":\"\\u624b\\u52a8\",\"highlight_config\":[\"\\u5927\\u706f\\u6e05\\u6d17\\u88c5\\u7f6e\",\"\\u540e\\u89c6\\u955c\\u52a0\\u70ed\"]},\"color\":\"\\u767d\\u8272\",\"interior\":\"\\u4f18\",\"surface\":\"\\u4f18\",\"work_state\":\"\\u4f18\",\"pro_date\":\"2007-12\",\"vpoints\":\"\",\"violation\":\"0\",\"fine\":\"\",\"carkey\":\"1\\u628a\",\"car_credentials\":\"1\",\"takeoffon\":\"1\",\"annualaudit\":\"2016-05\",\"highlight\":[\"\\u591a\\u529f\\u80fd\\u65b9\\u5411\\u76d8\",\"\\u5e95\\u76d8\\u5347\\u964d\",\"\\u7535\\u52a8\\u540e\\u80cc\\u95e8\",\"\\u7535\\u5438\\u95e8\",\"\\u5bfc\\u822a\\u5927\\u5c4f\",\"\\u5bfc\\u822a\\u5c0f\\u5c4f\"]},\"is_confirm\":1}', '00000000000000', 'done', '28', '1463803920', '2016-05-21 12:12:23');

-- ----------------------------
-- Table structure for oa_loan
-- ----------------------------
DROP TABLE IF EXISTS `oa_loan`;
CREATE TABLE `oa_loan` (
  `id` int(11) unsigned NOT NULL AUTO_INCREMENT COMMENT '贷款记录自增ID',
  `ln` varchar(20) NOT NULL COMMENT '贷款编号',
  `aid` int(11) NOT NULL DEFAULT '0' COMMENT '贷款申请ID',
  `loan_time` int(10) unsigned NOT NULL COMMENT '贷款时间',
  `signing_date` int(10) unsigned NOT NULL COMMENT '签约还款时间',
  `loan_period` varchar(10) NOT NULL COMMENT '贷款周期（天/周/月）',
  `sigpact_date` int(10) unsigned DEFAULT '0' COMMENT '合同签订时间',
  `employee` smallint(5) unsigned NOT NULL COMMENT '员工',
  `loan_amount` decimal(10,0) unsigned NOT NULL COMMENT '贷款金额',
  `rate` varchar(10) NOT NULL COMMENT '利率',
  `loan_status` enum('done') DEFAULT 'done' COMMENT 'done已完成',
  `car_vin` varchar(20) DEFAULT NULL COMMENT '车架号',
  `plate_no` char(7) DEFAULT NULL COMMENT '车牌号',
  `status` tinyint(1) unsigned NOT NULL DEFAULT '1' COMMENT '状态[0为删除]',
  `stores` tinyint(3) unsigned DEFAULT '2' COMMENT '所属门店',
  `created` timestamp NOT NULL DEFAULT CURRENT_TIMESTAMP ON UPDATE CURRENT_TIMESTAMP COMMENT '创建时间',
  PRIMARY KEY (`id`),
  KEY `idx_ln` (`ln`) USING BTREE,
  KEY `fk_oa_loan_employee1_idx` (`employee`)
) ENGINE=InnoDB AUTO_INCREMENT=8149 DEFAULT CHARSET=utf8 COMMENT='放贷明细';

-- ----------------------------
-- Records of oa_loan
-- ----------------------------
INSERT INTO `oa_loan` VALUES ('8140', 'ZB20160518-1', '4296', '1463500800', '1466092800', '1', '0', '34', '1110000', '1', 'done', '11111111111111111', '川A12231', '1', '1', '2016-05-18 18:28:56');
INSERT INTO `oa_loan` VALUES ('8141', 'ZB20160518-2', '4297', '1463500800', '1466092800', '1', '0', '34', '1500000', '13', 'done', '111111111111111', '川A89898', '1', '1', '2016-05-18 18:29:45');
INSERT INTO `oa_loan` VALUES ('8142', 'ZB20160518-3', '4298', '1463500800', '1466092800', '1', '0', '34', '50000', '11', 'done', '11111111111111111', '川A12231', '1', '1', '2016-05-18 18:30:17');
INSERT INTO `oa_loan` VALUES ('8143', 'ZB20160518-4', '4300', '1463500800', '1471363200', '3', '0', '34', '2000000', '1.8', 'done', '111111111', '川W95999', '1', '1', '2016-05-18 18:31:04');
INSERT INTO `oa_loan` VALUES ('8144', 'ZB20160518-5', '4301', '1463500800', '1466092800', '1', '0', '34', '1000000', '1', 'done', '111111111111', '川A89898', '1', '1', '2016-05-18 18:31:43');
INSERT INTO `oa_loan` VALUES ('8145', 'ZB20160519-1', '4306', '1463587200', '1468771200', '2', '0', '34', '1111110000', '1.8', 'done', '11111111111111', '川D14353', '1', '1', '2016-05-19 23:14:50');
INSERT INTO `oa_loan` VALUES ('8146', 'ZB20160520-1', '4311', '1463673600', '1468857600', '2', '0', '32', '110000', '1.8', 'done', '111111111111111', '川A12231', '1', '1', '2016-05-20 00:57:12');
INSERT INTO `oa_loan` VALUES ('8147', 'ZB20160520-2', '4303', '1463673600', '1468857600', '2', '0', '34', '111110000', '1.8', 'done', '1111111111', '川D56565', '1', '1', '2016-05-20 00:59:09');
INSERT INTO `oa_loan` VALUES ('8148', 'ZB20160521-1', '4316', '1463760000', '1468944000', '2', '0', '34', '300000', '1', 'done', '11111111111111', '川A88888', '1', '1', '2016-05-21 12:18:42');

-- ----------------------------
-- Table structure for oa_loan_item
-- ----------------------------
DROP TABLE IF EXISTS `oa_loan_item`;
CREATE TABLE `oa_loan_item` (
  `id` int(10) unsigned NOT NULL AUTO_INCREMENT COMMENT '主键自动递增',
  `deal_flag` enum('mortgage','pledge') NOT NULL DEFAULT 'pledge' COMMENT '借款交易类型「mortgage：抵押，pledge：质押」',
  `plate_no` char(7) NOT NULL COMMENT '车牌号',
  `employee` int(10) unsigned NOT NULL COMMENT '业务ID',
  `car_vin` varchar(20) DEFAULT '' COMMENT '车辆VIN码',
  `evaluate_id` int(10) unsigned NOT NULL DEFAULT '0' COMMENT '评估单ID',
  `wind_id` int(10) unsigned NOT NULL DEFAULT '0' COMMENT '风控表ID',
  `status` enum('done','subpact','risktrol','deny','appraise') DEFAULT 'appraise' COMMENT 'appraise：正在评估；risktrol：正在风控给价；deny：拒绝贷款；subpact:  正在提交合同；done:完成',
  `stores` int(10) unsigned NOT NULL COMMENT '所属门店ID',
  `is_del` tinyint(3) unsigned NOT NULL DEFAULT '1' COMMENT '状态[0为删除]',
  `extend` text COMMENT '其他扩展【备注，说明】',
  `created` int(11) NOT NULL DEFAULT '0' COMMENT '创建时间【进件时间】',
  `modify_time` timestamp NOT NULL DEFAULT CURRENT_TIMESTAMP ON UPDATE CURRENT_TIMESTAMP,
  PRIMARY KEY (`id`)
) ENGINE=InnoDB AUTO_INCREMENT=4320 DEFAULT CHARSET=utf8 ROW_FORMAT=COMPACT;

-- ----------------------------
-- Records of oa_loan_item
-- ----------------------------
INSERT INTO `oa_loan_item` VALUES ('4296', 'pledge', '川A12231', '34', '11111111111111111', '3701', '2992', 'done', '1', '1', '{\"car_info\":{\"brandName\":\"\\u5965\\u8fea\",\"seriesName\":\"\\u5965\\u8feaA4L\",\"modelName\":\"2016\\u6b3e \\u5965\\u8feaA4L 30 TFSI \\u5178\\u85cf\\u7248 \\u81ea\\u52a8\\u8212\\u9002\\u578b\",\"minYear\":\"2015\",\"maxYear\":\"2016\",\"provName\":\"\\u56db\\u5ddd\",\"cityName\":\"\\u6210\\u90fd\",\"zone\":\"\\u56db\\u5ddd\\u6210\\u90fd\",\"eval_price\":19.26,\"low_price\":17.72,\"good_price\":18.87,\"high_price\":19.26,\"dealer_buy_price\":\"18.58\",\"individual_price\":\"19.26\",\"dealer_price\":\"19.82\",\"price\":\"28.99\",\"title\":\"\\u5965\\u8feaA4L  2016\\u6b3e \\u5965\\u8feaA4L 30 TFSI \\u5178\\u85cf\\u7248 \\u81ea\\u52a8\\u8212\\u9002\\u578b  \\u6210\\u90fd\",\"car_logo_url\":\"http:\\/\\/assets.che300.com\\/theme\\/images\\/brand\\/large\\/b1.jpg\",\"registerDate\":\"2016\\u5e7405\\u6708\",\"location\":\"12\",\"kehu_amount\":\"21\",\"comment\":\"12121\"},\"car_api\":{\"modelId\":\"29409\",\"brandId\":\"1\",\"seriesId\":\"1\",\"regDate\":\"2016-05\",\"mile\":\"10\",\"prov\":\"22\",\"city\":\"22\"}}', '1463564161', '2016-05-19 21:30:17');
INSERT INTO `oa_loan_item` VALUES ('4297', 'pledge', '川A89898', '34', '111111111111111', '3703', '2990', 'done', '1', '1', '{\"car_info\":{\"brandName\":\"\\u963f\\u5c14\\u6cd5\\u00b7\\u7f57\\u5bc6\\u6b27\",\"seriesName\":\"\\u963f\\u5c14\\u6cd5\\u7f57\\u5bc6\\u6b27Gtv\",\"modelName\":\"2003\\u6b3e \\u963f\\u5c14\\u6cd5\\u7f57\\u5bc6\\u6b27Gtv Gtv\",\"minYear\":\"2002\",\"maxYear\":\"2007\",\"provName\":\"\\u56db\\u5ddd\",\"cityName\":\"\\u6210\\u90fd\",\"zone\":\"\\u56db\\u5ddd\\u6210\\u90fd\",\"eval_price\":13.48,\"low_price\":12.13,\"good_price\":13.48,\"high_price\":14.56,\"dealer_buy_price\":\"11.78\",\"individual_price\":\"13.48\",\"dealer_price\":\"14.88\",\"price\":\"45\",\"title\":\"\\u963f\\u5c14\\u6cd5\\u7f57\\u5bc6\\u6b27Gtv  2003\\u6b3e \\u963f\\u5c14\\u6cd5\\u7f57\\u5bc6\\u6b27Gtv Gtv  \\u6210\\u90fd\",\"car_logo_url\":\"http:\\/\\/assets.che300.com\\/theme\\/images\\/brand\\/large\\/b3.jpg\",\"registerDate\":\"2016\\u5e7405\\u6708\",\"location\":\"566\",\"kehu_amount\":\"10\",\"comment\":\"44545\"},\"car_api\":{\"modelId\":\"545\",\"brandId\":\"3\",\"seriesId\":\"42\",\"regDate\":\"2016-05\",\"mile\":\"10\",\"prov\":\"22\",\"city\":\"22\"}}', '1463564187', '2016-05-19 21:30:17');
INSERT INTO `oa_loan_item` VALUES ('4298', 'pledge', '川A12231', '34', '11111111111111111', '3702', '2991', 'done', '1', '1', '{\"car_info\":{\"brandName\":\"\\u963f\\u65af\\u987f\\u00b7\\u9a6c\\u4e01\",\"seriesName\":\"\\u963f\\u65af\\u987f\\u9a6c\\u4e01DB7\",\"modelName\":\"2003\\u6b3e \\u963f\\u65af\\u987f\\u9a6c\\u4e01DB7 Vantage\",\"minYear\":\"2003\",\"maxYear\":\"2007\",\"provName\":\"\\u56db\\u5ddd\",\"cityName\":\"\\u6210\\u90fd\",\"zone\":\"\\u56db\\u5ddd\\u6210\\u90fd\",\"eval_price\":17.02,\"low_price\":15.32,\"good_price\":17.02,\"high_price\":18.38,\"dealer_buy_price\":\"14.88\",\"individual_price\":\"17.02\",\"dealer_price\":\"18.79\",\"price\":\"338.9\",\"title\":\"\\u963f\\u65af\\u987f\\u9a6c\\u4e01DB7  2003\\u6b3e \\u963f\\u65af\\u987f\\u9a6c\\u4e01DB7 Vantage  \\u6210\\u90fd\",\"car_logo_url\":\"http:\\/\\/assets.che300.com\\/theme\\/images\\/brand\\/large\\/b2.jpg\",\"registerDate\":\"2016\\u5e7405\\u6708\",\"location\":\"1231321231\",\"kehu_amount\":\"10\",\"comment\":\"1010\"},\"car_api\":{\"modelId\":\"531\",\"brandId\":\"2\",\"seriesId\":\"36\",\"regDate\":\"2016-05\",\"mile\":\"1\",\"prov\":\"22\",\"city\":\"22\"}}', '1463564229', '2016-05-19 21:30:17');
INSERT INTO `oa_loan_item` VALUES ('4299', 'pledge', '川A56565', '34', '1111', '3700', '2993', 'subpact', '1', '1', '{\"car_info\":{\"brandName\":\"\\u4fdd\\u65f6\\u6377\",\"seriesName\":\"\\u4fdd\\u65f6\\u6377Cayenne\",\"modelName\":\"2015\\u6b3e \\u4fdd\\u65f6\\u6377Cayenne S E-Hybrid 3.0T\",\"minYear\":\"2014\",\"maxYear\":\"2016\",\"provName\":\"\\u56db\\u5ddd\",\"cityName\":\"\\u6210\\u90fd\",\"zone\":\"\\u56db\\u5ddd\\u6210\\u90fd\",\"eval_price\":83.69,\"low_price\":76.99,\"good_price\":82.02,\"high_price\":83.69,\"dealer_buy_price\":\"80.47\",\"individual_price\":\"83.69\",\"dealer_price\":\"86.35\",\"price\":\"114.8\",\"title\":\"\\u4fdd\\u65f6\\u6377Cayenne  2015\\u6b3e \\u4fdd\\u65f6\\u6377Cayenne S E-Hybrid 3.0T  \\u6210\\u90fd\",\"car_logo_url\":\"http:\\/\\/assets.che300.com\\/theme\\/images\\/brand\\/large\\/b11.jpg\",\"registerDate\":\"2016\\u5e7405\\u6708\",\"location\":\"\\u6d4b\\u8bd5\",\"kehu_amount\":\"50\",\"comment\":\"1010\"},\"car_api\":{\"modelId\":\"25373\",\"brandId\":\"11\",\"seriesId\":\"203\",\"regDate\":\"2016-05\",\"mile\":\"10\",\"prov\":\"22\",\"city\":\"22\"}}', '1463564265', '2016-05-20 00:56:09');
INSERT INTO `oa_loan_item` VALUES ('4300', 'pledge', '川W95999', '34', '111111111', '3699', '2994', 'done', '1', '1', '{\"car_info\":{\"brandName\":\"\\u963f\\u65af\\u987f\\u00b7\\u9a6c\\u4e01\",\"seriesName\":\"\\u963f\\u65af\\u987f\\u9a6c\\u4e01DBS\",\"modelName\":\"2012\\u6b3e \\u963f\\u65af\\u987f\\u9a6c\\u4e01DBS 6.0 \\u624b\\u52a8 \\u9f99\\u5e7488\\u4e2d\\u56fd\\u9650\\u91cf\\u7248\",\"minYear\":\"2011\",\"maxYear\":\"2016\",\"provName\":\"\\u56db\\u5ddd\",\"cityName\":\"\\u6210\\u90fd\",\"zone\":\"\\u56db\\u5ddd\\u6210\\u90fd\",\"eval_price\":220.53,\"low_price\":202.89,\"good_price\":216.12,\"high_price\":220.53,\"dealer_buy_price\":\"200.24\",\"individual_price\":\"220.53\",\"dealer_price\":\"237.29\",\"price\":\"550\",\"title\":\"\\u963f\\u65af\\u987f\\u9a6c\\u4e01DBS  2012\\u6b3e \\u963f\\u65af\\u987f\\u9a6c\\u4e01DBS 6.0 \\u624b\\u52a8 \\u9f99\\u5e7488\\u4e2d\\u56fd\\u9650\\u91cf\\u7248  \\u6210\\u90fd\",\"car_logo_url\":\"http:\\/\\/assets.che300.com\\/theme\\/images\\/brand\\/large\\/b2.jpg\",\"registerDate\":\"2016\\u5e7405\\u6708\",\"location\":\"56565656\",\"kehu_amount\":\"200\",\"comment\":\"456546554\"},\"car_api\":{\"modelId\":\"535\",\"brandId\":\"2\",\"seriesId\":\"38\",\"regDate\":\"2016-05\",\"mile\":\"10\",\"prov\":\"22\",\"city\":\"22\"}}', '1463564310', '2016-05-19 21:30:17');
INSERT INTO `oa_loan_item` VALUES ('4301', 'pledge', '川A89898', '34', '111111111111', '3698', '2995', 'done', '1', '1', '{\"car_info\":{\"brandName\":\"\\u5170\\u535a\\u57fa\\u5c3c\",\"seriesName\":\"\\u8759\\u8760\",\"modelName\":\"2010\\u6b3e \\u8759\\u8760 LP 670-4 SuperVeloce\",\"minYear\":\"2010\",\"maxYear\":\"2014\",\"provName\":\"\\u56db\\u5ddd\",\"cityName\":\"\\u6210\\u90fd\",\"zone\":\"\\u56db\\u5ddd\\u6210\\u90fd\",\"eval_price\":223.72,\"low_price\":205.82,\"good_price\":223.72,\"high_price\":225.96,\"dealer_buy_price\":\"200.37\",\"individual_price\":\"223.72\",\"dealer_price\":\"243.02\",\"price\":\"730\",\"title\":\"\\u8759\\u8760  2010\\u6b3e \\u8759\\u8760 LP 670-4 SuperVeloce  \\u6210\\u90fd\",\"car_logo_url\":\"http:\\/\\/assets.che300.com\\/theme\\/images\\/brand\\/large\\/b82.jpg\",\"registerDate\":\"2016\\u5e7405\\u6708\",\"location\":\"898989\",\"kehu_amount\":\"100\",\"comment\":\"101010\"},\"car_api\":{\"modelId\":\"12810\",\"brandId\":\"82\",\"seriesId\":\"854\",\"regDate\":\"2016-05\",\"mile\":\"10\",\"prov\":\"22\",\"city\":\"22\"}}', '1463564345', '2016-05-19 21:30:17');
INSERT INTO `oa_loan_item` VALUES ('4302', 'pledge', '川A99890', '34', '11111111111111111', '3697', '2996', 'subpact', '1', '0', '{\"car_info\":{\"brandName\":\"\\u5965\\u8fea\",\"seriesName\":\"\\u5965\\u8feaA4L\",\"modelName\":\"2016\\u6b3e \\u5965\\u8feaA4L 30 TFSI \\u624b\\u52a8\\u8212\\u9002\\u578b\",\"minYear\":\"2015\",\"maxYear\":\"2016\",\"provName\":\"\\u56db\\u5ddd\",\"cityName\":\"\\u6210\\u90fd\",\"zone\":\"\\u56db\\u5ddd\\u6210\\u90fd\",\"eval_price\":20.67,\"low_price\":19.02,\"good_price\":20.26,\"high_price\":20.67,\"dealer_buy_price\":\"19.95\",\"individual_price\":\"20.67\",\"dealer_price\":\"21.25\",\"price\":\"27.28\",\"title\":\"\\u5965\\u8feaA4L  2016\\u6b3e \\u5965\\u8feaA4L 30 TFSI \\u624b\\u52a8\\u8212\\u9002\\u578b  \\u6210\\u90fd\",\"car_logo_url\":\"http:\\/\\/assets.che300.com\\/theme\\/images\\/brand\\/large\\/b1.jpg\",\"registerDate\":\"2016\\u5e7405\\u6708\",\"location\":\"101\",\"kehu_amount\":\"10\",\"comment\":\"101010\"},\"car_api\":{\"modelId\":\"28403\",\"brandId\":\"1\",\"seriesId\":\"1\",\"regDate\":\"2016-05\",\"mile\":\"1\",\"prov\":\"22\",\"city\":\"22\"},\"del_reason\":\"101010\"}', '1463564380', '2016-05-19 21:30:17');
INSERT INTO `oa_loan_item` VALUES ('4303', 'pledge', '川D56565', '34', '1111111111', '3696', '2998', 'done', '1', '1', '{\"car_info\":{\"brandName\":\"\\u4fdd\\u65f6\\u6377\",\"seriesName\":\"\\u4fdd\\u65f6\\u6377Cayman\",\"modelName\":\"2015\\u6b3e \\u4fdd\\u65f6\\u6377Cayman Style Edition 2.7L\",\"minYear\":\"2015\",\"maxYear\":\"2016\",\"provName\":\"\\u56db\\u5ddd\",\"cityName\":\"\\u6210\\u90fd\",\"zone\":\"\\u56db\\u5ddd\\u6210\\u90fd\",\"eval_price\":47.35,\"low_price\":43.56,\"good_price\":46.4,\"high_price\":47.35,\"dealer_buy_price\":\"45.03\",\"individual_price\":\"47.35\",\"dealer_price\":\"49.27\",\"price\":\"74.8\",\"title\":\"\\u4fdd\\u65f6\\u6377Cayman  2015\\u6b3e \\u4fdd\\u65f6\\u6377Cayman Style Edition 2.7L  \\u6210\\u90fd\",\"car_logo_url\":\"http:\\/\\/assets.che300.com\\/theme\\/images\\/brand\\/large\\/b11.jpg\",\"registerDate\":\"2016\\u5e7405\\u6708\",\"location\":\"656\",\"kehu_amount\":\"65\",\"comment\":\"566\"},\"car_api\":{\"modelId\":\"29781\",\"brandId\":\"11\",\"seriesId\":\"208\",\"regDate\":\"2016-05\",\"mile\":\"10\",\"prov\":\"22\",\"city\":\"22\"}}', '1463564408', '2016-05-20 00:59:09');
INSERT INTO `oa_loan_item` VALUES ('4304', 'pledge', '川A89890', '34', '11111111111111111', '3695', '2988', 'deny', '1', '1', '{\"car_info\":{\"brandName\":\"\\u963f\\u5c14\\u6cd5\\u00b7\\u7f57\\u5bc6\\u6b27\",\"seriesName\":\"\\u963f\\u5c14\\u6cd5\\u7f57\\u5bc6\\u6b27Gtv\",\"modelName\":\"2003\\u6b3e \\u963f\\u5c14\\u6cd5\\u7f57\\u5bc6\\u6b27Gtv Gtv\",\"minYear\":\"2002\",\"maxYear\":\"2007\",\"provName\":\"\\u56db\\u5ddd\",\"cityName\":\"\\u6210\\u90fd\",\"zone\":\"\\u56db\\u5ddd\\u6210\\u90fd\",\"eval_price\":13.48,\"low_price\":12.13,\"good_price\":13.48,\"high_price\":14.56,\"dealer_buy_price\":\"11.78\",\"individual_price\":\"13.48\",\"dealer_price\":\"14.88\",\"price\":\"45\",\"title\":\"\\u963f\\u5c14\\u6cd5\\u7f57\\u5bc6\\u6b27Gtv  2003\\u6b3e \\u963f\\u5c14\\u6cd5\\u7f57\\u5bc6\\u6b27Gtv Gtv  \\u6210\\u90fd\",\"car_logo_url\":\"http:\\/\\/assets.che300.com\\/theme\\/images\\/brand\\/large\\/b3.jpg\",\"registerDate\":\"2016\\u5e7405\\u6708\",\"location\":\"9899898\",\"kehu_amount\":\"989\",\"comment\":\"989\"},\"car_api\":{\"modelId\":\"545\",\"brandId\":\"3\",\"seriesId\":\"42\",\"regDate\":\"2016-05\",\"mile\":\"10\",\"prov\":\"22\",\"city\":\"22\"}}', '1463564449', '2016-05-19 21:30:17');
INSERT INTO `oa_loan_item` VALUES ('4305', 'pledge', '川A12231', '34', '11111111111111', '3694', '2989', 'subpact', '1', '1', '{\"car_info\":{\"brandName\":\"\\u963f\\u5c14\\u6cd5\\u00b7\\u7f57\\u5bc6\\u6b27\",\"seriesName\":\"\\u963f\\u5c14\\u6cd5\\u7f57\\u5bc6\\u6b27Gtv\",\"modelName\":\"2003\\u6b3e \\u963f\\u5c14\\u6cd5\\u7f57\\u5bc6\\u6b27Gtv Gtv\",\"minYear\":\"2002\",\"maxYear\":\"2007\",\"provName\":\"\\u56db\\u5ddd\",\"cityName\":\"\\u6210\\u90fd\",\"zone\":\"\\u56db\\u5ddd\\u6210\\u90fd\",\"eval_price\":13.48,\"low_price\":12.13,\"good_price\":13.48,\"high_price\":14.56,\"dealer_buy_price\":\"11.78\",\"individual_price\":\"13.48\",\"dealer_price\":\"14.88\",\"price\":\"45\",\"title\":\"\\u963f\\u5c14\\u6cd5\\u7f57\\u5bc6\\u6b27Gtv  2003\\u6b3e \\u963f\\u5c14\\u6cd5\\u7f57\\u5bc6\\u6b27Gtv Gtv  \\u6210\\u90fd\",\"car_logo_url\":\"http:\\/\\/assets.che300.com\\/theme\\/images\\/brand\\/large\\/b3.jpg\",\"registerDate\":\"2016\\u5e7405\\u6708\",\"location\":\"56\",\"kehu_amount\":\"656\",\"comment\":\"656\"},\"car_api\":{\"modelId\":\"545\",\"brandId\":\"3\",\"seriesId\":\"42\",\"regDate\":\"2016-05\",\"mile\":\"10\",\"prov\":\"22\",\"city\":\"22\"}}', '1463564477', '2016-05-20 00:55:45');
INSERT INTO `oa_loan_item` VALUES ('4306', 'pledge', '川D14353', '34', '11111111111111', '3693', '2999', 'done', '1', '1', '{\"car_info\":{\"brandName\":\"\\u963f\\u5c14\\u6cd5\\u00b7\\u7f57\\u5bc6\\u6b27\",\"seriesName\":\"\\u963f\\u5c14\\u6cd5\\u7f57\\u5bc6\\u6b27Gtv\",\"modelName\":\"2003\\u6b3e \\u963f\\u5c14\\u6cd5\\u7f57\\u5bc6\\u6b27Gtv Gtv\",\"minYear\":\"2002\",\"maxYear\":\"2007\",\"provName\":\"\\u56db\\u5ddd\",\"cityName\":\"\\u6210\\u90fd\",\"zone\":\"\\u56db\\u5ddd\\u6210\\u90fd\",\"eval_price\":13.55,\"low_price\":12.2,\"good_price\":13.55,\"high_price\":14.63,\"dealer_buy_price\":\"11.85\",\"individual_price\":\"13.55\",\"dealer_price\":\"14.97\",\"price\":\"45\",\"title\":\"\\u963f\\u5c14\\u6cd5\\u7f57\\u5bc6\\u6b27Gtv  2003\\u6b3e \\u963f\\u5c14\\u6cd5\\u7f57\\u5bc6\\u6b27Gtv Gtv  \\u6210\\u90fd\",\"car_logo_url\":\"http:\\/\\/assets.che300.com\\/theme\\/images\\/brand\\/large\\/b3.jpg\",\"registerDate\":\"2016\\u5e7405\\u6708\",\"location\":\"11\",\"kehu_amount\":\"11\",\"comment\":\"11\"},\"car_api\":{\"modelId\":\"545\",\"brandId\":\"3\",\"seriesId\":\"42\",\"regDate\":\"2016-05\",\"mile\":\"1\",\"prov\":\"22\",\"city\":\"22\"}}', '1463564501', '2016-05-19 23:14:50');
INSERT INTO `oa_loan_item` VALUES ('4307', 'pledge', '川J10101', '34', '1111111111', '3692', '2997', 'subpact', '1', '0', '{\"car_info\":{\"brandName\":\"\\u5965\\u8fea\",\"seriesName\":\"\\u5965\\u8feaA4L\",\"modelName\":\"2016\\u6b3e \\u5965\\u8feaA4L 30 TFSI \\u624b\\u52a8\\u8212\\u9002\\u578b\",\"minYear\":\"2015\",\"maxYear\":\"2016\",\"provName\":\"\\u56db\\u5ddd\",\"cityName\":\"\\u6210\\u90fd\",\"zone\":\"\\u56db\\u5ddd\\u6210\\u90fd\",\"eval_price\":16.14,\"low_price\":14.85,\"good_price\":15.82,\"high_price\":16.14,\"dealer_buy_price\":\"15.58\",\"individual_price\":\"16.14\",\"dealer_price\":\"16.60\",\"price\":\"27.28\",\"title\":\"\\u5965\\u8feaA4L  2016\\u6b3e \\u5965\\u8feaA4L 30 TFSI \\u624b\\u52a8\\u8212\\u9002\\u578b  \\u6210\\u90fd\",\"car_logo_url\":\"http:\\/\\/assets.che300.com\\/theme\\/images\\/brand\\/large\\/b1.jpg\",\"registerDate\":\"2016\\u5e7405\\u6708\",\"location\":\"111\",\"kehu_amount\":\"11\",\"comment\":\"11\"},\"car_api\":{\"modelId\":\"28403\",\"brandId\":\"1\",\"seriesId\":\"1\",\"regDate\":\"2016-05\",\"mile\":\"11\",\"prov\":\"22\",\"city\":\"22\"},\"del_reason\":\"10\"}', '1463564534', '2016-05-19 21:30:17');
INSERT INTO `oa_loan_item` VALUES ('4308', 'pledge', '川D59595', '28', '1111', '3691', '0', 'appraise', '1', '1', '{\"car_info\":{\"brandName\":\"\\u963f\\u5c14\\u6cd5\\u00b7\\u7f57\\u5bc6\\u6b27\",\"seriesName\":\"\\u963f\\u5c14\\u6cd5\\u7f57\\u5bc6\\u6b27Gtv\",\"modelName\":\"2003\\u6b3e \\u963f\\u5c14\\u6cd5\\u7f57\\u5bc6\\u6b27Gtv Gtv\",\"minYear\":\"2002\",\"maxYear\":\"2007\",\"provName\":\"\\u56db\\u5ddd\",\"cityName\":\"\\u6210\\u90fd\",\"zone\":\"\\u56db\\u5ddd\\u6210\\u90fd\",\"eval_price\":13.48,\"low_price\":12.13,\"good_price\":13.48,\"high_price\":14.56,\"dealer_buy_price\":\"11.78\",\"individual_price\":\"13.48\",\"dealer_price\":\"14.88\",\"price\":\"45\",\"title\":\"\\u963f\\u5c14\\u6cd5\\u7f57\\u5bc6\\u6b27Gtv  2003\\u6b3e \\u963f\\u5c14\\u6cd5\\u7f57\\u5bc6\\u6b27Gtv Gtv  \\u6210\\u90fd\",\"car_logo_url\":\"http:\\/\\/assets.che300.com\\/theme\\/images\\/brand\\/large\\/b3.jpg\",\"registerDate\":\"2016\\u5e7405\\u6708\",\"location\":\"101\",\"kehu_amount\":\"11\",\"comment\":\"10\"},\"car_api\":{\"modelId\":\"545\",\"brandId\":\"3\",\"seriesId\":\"42\",\"regDate\":\"2016-05\",\"mile\":\"10\",\"prov\":\"22\",\"city\":\"22\"}}', '1463564588', '2016-05-19 21:30:17');
INSERT INTO `oa_loan_item` VALUES ('4309', 'pledge', '川P11110', '28', '11111111111111', '3690', '3002', 'subpact', '1', '1', '{\"car_info\":{\"brandName\":\"\\u5965\\u8fea\",\"seriesName\":\"\\u5965\\u8feaA4\",\"modelName\":\"2008\\u6b3e \\u5965\\u8feaA4 1.8T \\u4e2a\\u6027\\u98ce\\u683c\\u7248\",\"minYear\":\"2008\",\"maxYear\":\"2012\",\"provName\":\"\\u4e0a\\u6d77\",\"cityName\":\"\\u4e0a\\u6d77\",\"zone\":\"\\u4e0a\\u6d77\",\"eval_price\":11.19,\"low_price\":10.29,\"good_price\":11.19,\"high_price\":11.41,\"dealer_buy_price\":\"10.71\",\"individual_price\":\"11.19\",\"dealer_price\":\"11.58\",\"price\":\"30.9\",\"title\":\"\\u5965\\u8feaA4  2008\\u6b3e \\u5965\\u8feaA4 1.8T \\u4e2a\\u6027\\u98ce\\u683c\\u7248  \\u4e0a\\u6d77\",\"car_logo_url\":\"http:\\/\\/assets.che300.com\\/theme\\/images\\/brand\\/large\\/b1.jpg\",\"registerDate\":\"2016\\u5e7405\\u6708\",\"location\":\"11\",\"kehu_amount\":\"11\",\"comment\":\"11\"},\"car_api\":{\"modelId\":\"19573\",\"brandId\":\"1\",\"seriesId\":\"6\",\"regDate\":\"2016-05\",\"mile\":\"1\",\"prov\":\"3\",\"city\":\"3\"}}', '1463564618', '2016-05-20 00:56:51');
INSERT INTO `oa_loan_item` VALUES ('4310', 'pledge', '川H10101', '28', '111111', '3704', '3001', 'subpact', '1', '1', '{\"car_info\":{\"brandName\":\"\\u963f\\u5c14\\u6cd5\\u00b7\\u7f57\\u5bc6\\u6b27\",\"seriesName\":\"\\u963f\\u5c14\\u6cd5\\u7f57\\u5bc6\\u6b27Gtv\",\"modelName\":\"2003\\u6b3e \\u963f\\u5c14\\u6cd5\\u7f57\\u5bc6\\u6b27Gtv Gtv\",\"minYear\":\"2002\",\"maxYear\":\"2007\",\"provName\":\"\\u56db\\u5ddd\",\"cityName\":\"\\u6210\\u90fd\",\"zone\":\"\\u56db\\u5ddd\\u6210\\u90fd\",\"eval_price\":13.55,\"low_price\":12.2,\"good_price\":13.55,\"high_price\":14.63,\"dealer_buy_price\":\"11.85\",\"individual_price\":\"13.55\",\"dealer_price\":\"14.97\",\"price\":\"45\",\"title\":\"\\u963f\\u5c14\\u6cd5\\u7f57\\u5bc6\\u6b27Gtv  2003\\u6b3e \\u963f\\u5c14\\u6cd5\\u7f57\\u5bc6\\u6b27Gtv Gtv  \\u6210\\u90fd\",\"car_logo_url\":\"http:\\/\\/assets.che300.com\\/theme\\/images\\/brand\\/large\\/b3.jpg\",\"registerDate\":\"2016\\u5e7405\\u6708\",\"location\":\"11\",\"kehu_amount\":\"11111111111111\",\"comment\":\"11\"},\"car_api\":{\"modelId\":\"545\",\"brandId\":\"3\",\"seriesId\":\"42\",\"regDate\":\"2016-05\",\"mile\":\"1\",\"prov\":\"22\",\"city\":\"22\"}}', '1463567777', '2016-05-20 00:55:15');
INSERT INTO `oa_loan_item` VALUES ('4311', 'pledge', '川A12231', '32', '111111111111111', '3705', '3000', 'done', '1', '1', '{\"car_info\":{\"brandName\":\"\\u963f\\u5c14\\u6cd5\\u00b7\\u7f57\\u5bc6\\u6b27\",\"seriesName\":\"\\u963f\\u5c14\\u6cd5\\u7f57\\u5bc6\\u6b27Gtv\",\"modelName\":\"2003\\u6b3e \\u963f\\u5c14\\u6cd5\\u7f57\\u5bc6\\u6b27Gtv Gtv\",\"minYear\":\"2002\",\"maxYear\":\"2007\",\"provName\":\"\\u56db\\u5ddd\",\"cityName\":\"\\u6210\\u90fd\",\"zone\":\"\\u56db\\u5ddd\\u6210\\u90fd\",\"eval_price\":13.57,\"low_price\":12.21,\"good_price\":13.57,\"high_price\":14.66,\"dealer_buy_price\":\"11.86\",\"individual_price\":\"13.57\",\"dealer_price\":\"14.99\",\"price\":\"45\",\"title\":\"\\u963f\\u5c14\\u6cd5\\u7f57\\u5bc6\\u6b27Gtv  2003\\u6b3e \\u963f\\u5c14\\u6cd5\\u7f57\\u5bc6\\u6b27Gtv Gtv  \\u6210\\u90fd\",\"car_logo_url\":\"http:\\/\\/assets.che300.com\\/theme\\/images\\/brand\\/large\\/b3.jpg\",\"registerDate\":\"2016\\u5e7405\\u6708\",\"location\":\"46546\",\"kehu_amount\":\"465\",\"comment\":\"456456\"},\"car_api\":{\"modelId\":\"545\",\"brandId\":\"3\",\"seriesId\":\"42\",\"regDate\":\"2016-05\",\"mile\":\"1\",\"prov\":\"22\",\"city\":\"22\"}}', '1463673003', '2016-05-20 00:57:12');
INSERT INTO `oa_loan_item` VALUES ('4312', 'pledge', '川O98989', '32', '', '3706', '0', 'appraise', '1', '1', '{\"car_info\":{\"brandName\":\"\\u963f\\u65af\\u987f\\u00b7\\u9a6c\\u4e01\",\"seriesName\":\"\\u963f\\u65af\\u987f\\u9a6c\\u4e01DB7\",\"modelName\":\"2003\\u6b3e \\u963f\\u65af\\u987f\\u9a6c\\u4e01DB7 Vantage\",\"minYear\":\"2003\",\"maxYear\":\"2007\",\"provName\":\"\\u56db\\u5ddd\",\"cityName\":\"\\u6210\\u90fd\",\"zone\":\"\\u56db\\u5ddd\\u6210\\u90fd\",\"eval_price\":16.83,\"low_price\":15.15,\"good_price\":16.83,\"high_price\":18.18,\"dealer_buy_price\":\"14.72\",\"individual_price\":\"16.83\",\"dealer_price\":\"18.58\",\"price\":\"338.9\",\"title\":\"\\u963f\\u65af\\u987f\\u9a6c\\u4e01DB7  2003\\u6b3e \\u963f\\u65af\\u987f\\u9a6c\\u4e01DB7 Vantage  \\u6210\\u90fd\",\"car_logo_url\":\"http:\\/\\/assets.che300.com\\/theme\\/images\\/brand\\/large\\/b2.jpg\",\"registerDate\":\"2016\\u5e7405\\u6708\",\"location\":\"989\",\"kehu_amount\":\"89\",\"comment\":\"89\"},\"car_api\":{\"modelId\":\"531\",\"brandId\":\"2\",\"seriesId\":\"36\",\"regDate\":\"2016-05\",\"mile\":\"10\",\"prov\":\"22\",\"city\":\"22\"}}', '1463673052', '2016-05-20 00:36:59');
INSERT INTO `oa_loan_item` VALUES ('4313', 'pledge', '川A89899', '27', '', '0', '0', 'appraise', '1', '1', '{\"car_info\":{\"brandName\":\"\\u5965\\u8fea\",\"seriesName\":\"\\u5965\\u8feaA4L\",\"modelName\":\"2016\\u6b3e \\u5965\\u8feaA4L 30 TFSI \\u5178\\u85cf\\u7248 \\u81ea\\u52a8\\u8212\\u9002\\u578b\",\"minYear\":\"2015\",\"maxYear\":\"2016\",\"provName\":\"\\u56db\\u5ddd\",\"cityName\":\"\\u6210\\u90fd\",\"zone\":\"\\u56db\\u5ddd\\u6210\\u90fd\",\"eval_price\":19.18,\"low_price\":17.65,\"good_price\":18.8,\"high_price\":19.18,\"dealer_buy_price\":\"18.50\",\"individual_price\":\"19.18\",\"dealer_price\":\"19.73\",\"price\":\"28.99\",\"title\":\"\\u5965\\u8feaA4L  2016\\u6b3e \\u5965\\u8feaA4L 30 TFSI \\u5178\\u85cf\\u7248 \\u81ea\\u52a8\\u8212\\u9002\\u578b  \\u6210\\u90fd\",\"car_logo_url\":\"http:\\/\\/assets.che300.com\\/theme\\/images\\/brand\\/large\\/b1.jpg\",\"registerDate\":\"2016\\u5e7405\\u6708\",\"location\":\"89\",\"kehu_amount\":\"89\",\"comment\":\"899\"},\"car_api\":{\"modelId\":\"29409\",\"brandId\":\"1\",\"seriesId\":\"1\",\"regDate\":\"2016-05\",\"mile\":\"10\",\"prov\":\"22\",\"city\":\"22\"}}', '1463674106', '2016-05-20 00:08:26');
INSERT INTO `oa_loan_item` VALUES ('4314', 'pledge', '川A89898', '34', '', '0', '0', 'appraise', '1', '1', '{\"car_info\":{\"brandName\":\"\\u963f\\u5c14\\u6cd5\\u00b7\\u7f57\\u5bc6\\u6b27\",\"seriesName\":\"\\u963f\\u5c14\\u6cd5\\u7f57\\u5bc6\\u6b27Gtv\",\"modelName\":\"2003\\u6b3e \\u963f\\u5c14\\u6cd5\\u7f57\\u5bc6\\u6b27Gtv Gtv\",\"minYear\":\"2002\",\"maxYear\":\"2007\",\"provName\":\"\\u91cd\\u5e86\",\"cityName\":\"\\u91cd\\u5e86\",\"zone\":\"\\u91cd\\u5e86\",\"eval_price\":13.4,\"low_price\":12.06,\"good_price\":13.4,\"high_price\":14.47,\"dealer_buy_price\":\"11.72\",\"individual_price\":\"13.40\",\"dealer_price\":\"14.78\",\"price\":\"45\",\"title\":\"\\u963f\\u5c14\\u6cd5\\u7f57\\u5bc6\\u6b27Gtv  2003\\u6b3e \\u963f\\u5c14\\u6cd5\\u7f57\\u5bc6\\u6b27Gtv Gtv  \\u91cd\\u5e86\",\"car_logo_url\":\"http:\\/\\/assets.che300.com\\/theme\\/images\\/brand\\/large\\/b3.jpg\",\"registerDate\":\"2016\\u5e7405\\u6708\",\"location\":\"89\",\"kehu_amount\":\"89\",\"comment\":\"89\"},\"car_api\":{\"modelId\":\"545\",\"brandId\":\"3\",\"seriesId\":\"42\",\"regDate\":\"2016-05\",\"mile\":\"1\",\"prov\":\"4\",\"city\":\"4\"}}', '1463675268', '2016-05-20 00:27:48');
INSERT INTO `oa_loan_item` VALUES ('4315', 'pledge', '川A99999', '34', '', '0', '0', 'appraise', '1', '1', '{\"car_info\":{\"brandName\":\"\\u963f\\u65af\\u987f\\u00b7\\u9a6c\\u4e01\",\"seriesName\":\"\\u963f\\u65af\\u987f\\u9a6c\\u4e01DB7\",\"modelName\":\"2003\\u6b3e \\u963f\\u65af\\u987f\\u9a6c\\u4e01DB7 Vantage\",\"minYear\":\"2003\",\"maxYear\":\"2007\",\"provName\":\"\\u56db\\u5ddd\",\"cityName\":\"\\u6210\\u90fd\",\"zone\":\"\\u56db\\u5ddd\\u6210\\u90fd\",\"eval_price\":17.02,\"low_price\":15.32,\"good_price\":17.02,\"high_price\":18.38,\"dealer_buy_price\":\"14.88\",\"individual_price\":\"17.02\",\"dealer_price\":\"18.79\",\"price\":\"338.9\",\"title\":\"\\u963f\\u65af\\u987f\\u9a6c\\u4e01DB7  2003\\u6b3e \\u963f\\u65af\\u987f\\u9a6c\\u4e01DB7 Vantage  \\u6210\\u90fd\",\"car_logo_url\":\"http:\\/\\/assets.che300.com\\/theme\\/images\\/brand\\/large\\/b2.jpg\",\"registerDate\":\"2016\\u5e7405\\u6708\",\"location\":\"11111111\",\"kehu_amount\":\"1111111111111111\",\"comment\":\"111\"},\"car_api\":{\"modelId\":\"531\",\"brandId\":\"2\",\"seriesId\":\"36\",\"regDate\":\"2016-05\",\"mile\":\"1\",\"prov\":\"22\",\"city\":\"22\"}}', '1463685227', '2016-05-20 03:13:47');
INSERT INTO `oa_loan_item` VALUES ('4316', 'pledge', '川A88888', '34', '11111111111111', '3707', '3003', 'done', '1', '1', '{\"car_info\":{\"brandName\":\"\\u4fdd\\u65f6\\u6377\",\"seriesName\":\"\\u4fdd\\u65f6\\u6377Boxster\",\"modelName\":\"2015\\u6b3e \\u4fdd\\u65f6\\u6377Boxster Style Edition 2.7L\",\"minYear\":\"2015\",\"maxYear\":\"2016\",\"provName\":\"\\u56db\\u5ddd\",\"cityName\":\"\\u6210\\u90fd\",\"zone\":\"\\u56db\\u5ddd\\u6210\\u90fd\",\"eval_price\":60.47,\"low_price\":55.63,\"good_price\":59.26,\"high_price\":60.47,\"dealer_buy_price\":\"57.60\",\"individual_price\":\"60.47\",\"dealer_price\":\"62.84\",\"price\":\"74.7\",\"title\":\"\\u4fdd\\u65f6\\u6377Boxster  2015\\u6b3e \\u4fdd\\u65f6\\u6377Boxster Style Edition 2.7L  \\u6210\\u90fd\",\"car_logo_url\":\"http:\\/\\/assets.che300.com\\/theme\\/images\\/brand\\/large\\/b11.jpg\",\"registerDate\":\"2016\\u5e7405\\u6708\",\"location\":\"444444444444444444444444444\",\"kehu_amount\":\"4444\",\"comment\":\"44\"},\"car_api\":{\"modelId\":\"27893\",\"brandId\":\"11\",\"seriesId\":\"207\",\"regDate\":\"2016-05\",\"mile\":\"1\",\"prov\":\"22\",\"city\":\"22\"}}', '1463685282', '2016-05-21 12:18:42');
INSERT INTO `oa_loan_item` VALUES ('4317', 'pledge', '川A46545', '32', '', '0', '0', 'appraise', '1', '1', '{\"car_info\":{\"brandName\":\"\\u963f\\u5c14\\u6cd5\\u00b7\\u7f57\\u5bc6\\u6b27\",\"seriesName\":\"\\u963f\\u5c14\\u6cd5\\u7f57\\u5bc6\\u6b27Gtv\",\"modelName\":\"2003\\u6b3e \\u963f\\u5c14\\u6cd5\\u7f57\\u5bc6\\u6b27Gtv Gtv\",\"minYear\":\"2002\",\"maxYear\":\"2007\",\"provName\":\"\\u56db\\u5ddd\",\"cityName\":\"\\u6210\\u90fd\",\"zone\":\"\\u56db\\u5ddd\\u6210\\u90fd\",\"eval_price\":13.57,\"low_price\":12.21,\"good_price\":13.57,\"high_price\":14.66,\"dealer_buy_price\":\"11.86\",\"individual_price\":\"13.57\",\"dealer_price\":\"14.99\",\"price\":\"45\",\"title\":\"\\u963f\\u5c14\\u6cd5\\u7f57\\u5bc6\\u6b27Gtv  2003\\u6b3e \\u963f\\u5c14\\u6cd5\\u7f57\\u5bc6\\u6b27Gtv Gtv  \\u6210\\u90fd\",\"car_logo_url\":\"http:\\/\\/assets.che300.com\\/theme\\/images\\/brand\\/large\\/b3.jpg\",\"registerDate\":\"2016\\u5e7405\\u6708\",\"location\":\"4654\",\"kehu_amount\":\"46\",\"comment\":\"454\"},\"car_api\":{\"modelId\":\"545\",\"brandId\":\"3\",\"seriesId\":\"42\",\"regDate\":\"2016-05\",\"mile\":\"1\",\"prov\":\"22\",\"city\":\"22\"}}', '1463687183', '2016-05-20 03:46:23');
INSERT INTO `oa_loan_item` VALUES ('4318', 'pledge', '川A98989', '34', '', '0', '0', 'appraise', '1', '1', '{\"car_info\":{\"brandName\":\"\\u5965\\u8fea\",\"seriesName\":\"\\u5965\\u8feaA4L\",\"modelName\":\"2016\\u6b3e \\u5965\\u8feaA4L 30 TFSI \\u5178\\u85cf\\u7248 \\u81ea\\u52a8\\u8212\\u9002\\u578b\",\"minYear\":\"2015\",\"maxYear\":\"2016\",\"provName\":\"\\u56db\\u5ddd\",\"cityName\":\"\\u6210\\u90fd\",\"zone\":\"\\u56db\\u5ddd\\u6210\\u90fd\",\"eval_price\":23.84,\"low_price\":21.93,\"good_price\":23.36,\"high_price\":23.84,\"dealer_buy_price\":\"23.00\",\"individual_price\":\"23.84\",\"dealer_price\":\"24.53\",\"price\":\"28.99\",\"title\":\"\\u5965\\u8feaA4L  2016\\u6b3e \\u5965\\u8feaA4L 30 TFSI \\u5178\\u85cf\\u7248 \\u81ea\\u52a8\\u8212\\u9002\\u578b  \\u6210\\u90fd\",\"car_logo_url\":\"http:\\/\\/assets.che300.com\\/theme\\/images\\/brand\\/large\\/b1.jpg\",\"registerDate\":\"2016\\u5e7405\\u6708\",\"location\":\"565656\",\"kehu_amount\":\"46\",\"comment\":\"46\"},\"car_api\":{\"modelId\":\"29409\",\"brandId\":\"1\",\"seriesId\":\"1\",\"regDate\":\"2016-05\",\"mile\":\"1.2\",\"prov\":\"22\",\"city\":\"22\"}}', '1463795184', '2016-05-21 09:46:24');
INSERT INTO `oa_loan_item` VALUES ('4319', 'pledge', '川S89898', '34', '1111', '3708', '0', 'risktrol', '1', '1', '{\"car_info\":{\"brandName\":\"\\u963f\\u5c14\\u6cd5\\u00b7\\u7f57\\u5bc6\\u6b27\",\"seriesName\":\"\\u963f\\u5c14\\u6cd5\\u7f57\\u5bc6\\u6b27Gtv\",\"modelName\":\"2003\\u6b3e \\u963f\\u5c14\\u6cd5\\u7f57\\u5bc6\\u6b27Gtv Gtv\",\"minYear\":\"2002\",\"maxYear\":\"2007\",\"provName\":\"\\u4e0a\\u6d77\",\"cityName\":\"\\u4e0a\\u6d77\",\"zone\":\"\\u4e0a\\u6d77\",\"eval_price\":12.91,\"low_price\":11.62,\"good_price\":12.91,\"high_price\":13.94,\"dealer_buy_price\":\"11.30\",\"individual_price\":\"12.91\",\"dealer_price\":\"14.24\",\"price\":\"45\",\"title\":\"\\u963f\\u5c14\\u6cd5\\u7f57\\u5bc6\\u6b27Gtv  2003\\u6b3e \\u963f\\u5c14\\u6cd5\\u7f57\\u5bc6\\u6b27Gtv Gtv  \\u4e0a\\u6d77\",\"car_logo_url\":\"http:\\/\\/assets.che300.com\\/theme\\/images\\/brand\\/large\\/b3.jpg\",\"registerDate\":\"2016\\u5e7405\\u6708\",\"location\":\"4555\",\"kehu_amount\":\"45\",\"comment\":\"45\"},\"car_api\":{\"modelId\":\"545\",\"brandId\":\"3\",\"seriesId\":\"42\",\"regDate\":\"2016-05\",\"mile\":\"10\",\"prov\":\"3\",\"city\":\"3\"}}', '1463795239', '2016-05-21 12:12:23');

-- ----------------------------
-- Table structure for oa_task_list
-- ----------------------------
DROP TABLE IF EXISTS `oa_task_list`;
CREATE TABLE `oa_task_list` (
  `id` bigint(20) unsigned NOT NULL AUTO_INCREMENT COMMENT 'ID自动递增',
  `aid` int(10) unsigned NOT NULL COMMENT '进件ID',
  `uid` int(10) unsigned NOT NULL COMMENT '任务归属ID',
  `type` enum('subpact','risktrol','appraise') NOT NULL DEFAULT 'appraise' COMMENT 'appraise：正在评估；risktrol：正在风控给价；subpact:  正在提交合同',
  `status` enum('wait','done') NOT NULL DEFAULT 'wait' COMMENT '''wait''：等待处理,''done''：已经处理',
  `created` int(11) NOT NULL DEFAULT '0' COMMENT '任务发送时间',
  `handle_time` int(11) NOT NULL DEFAULT '0' COMMENT '处理时间',
  `remark` varchar(200) DEFAULT NULL COMMENT '备注',
  PRIMARY KEY (`id`)
) ENGINE=InnoDB AUTO_INCREMENT=395 DEFAULT CHARSET=utf8;

-- ----------------------------
-- Records of oa_task_list
-- ----------------------------
INSERT INTO `oa_task_list` VALUES ('338', '4296', '28', 'appraise', 'done', '1463564162', '1463565071', '');
INSERT INTO `oa_task_list` VALUES ('339', '4297', '28', 'appraise', 'done', '1463564187', '1463565121', '');
INSERT INTO `oa_task_list` VALUES ('340', '4298', '28', 'appraise', 'done', '1463564229', '1463565095', '');
INSERT INTO `oa_task_list` VALUES ('341', '4299', '28', 'appraise', 'done', '1463564266', '1463565048', '');
INSERT INTO `oa_task_list` VALUES ('342', '4300', '28', 'appraise', 'done', '1463564310', '1463565013', '');
INSERT INTO `oa_task_list` VALUES ('343', '4301', '28', 'appraise', 'done', '1463564345', '1463564990', '');
INSERT INTO `oa_task_list` VALUES ('344', '4302', '28', 'appraise', 'done', '1463564380', '1463564936', '');
INSERT INTO `oa_task_list` VALUES ('345', '4303', '28', 'appraise', 'done', '1463564408', '1463564910', '');
INSERT INTO `oa_task_list` VALUES ('346', '4304', '31', 'appraise', 'done', '1463564450', '1463565195', '');
INSERT INTO `oa_task_list` VALUES ('347', '4305', '31', 'appraise', 'done', '1463564477', '1463565169', '');
INSERT INTO `oa_task_list` VALUES ('348', '4306', '28', 'appraise', 'done', '1463564501', '1463564859', '');
INSERT INTO `oa_task_list` VALUES ('349', '4307', '28', 'appraise', 'done', '1463564534', '1463564832', '');
INSERT INTO `oa_task_list` VALUES ('350', '4308', '31', 'appraise', 'wait', '1463564588', '1463565324', '');
INSERT INTO `oa_task_list` VALUES ('351', '4309', '28', 'appraise', 'done', '1463564618', '1463567755', '');
INSERT INTO `oa_task_list` VALUES ('352', '4309', '32', 'risktrol', 'done', '1463564791', '1463677011', '');
INSERT INTO `oa_task_list` VALUES ('353', '4307', '32', 'risktrol', 'done', '1463564832', '1463565520', '');
INSERT INTO `oa_task_list` VALUES ('354', '4306', '32', 'risktrol', 'done', '1463564859', '1463565600', '');
INSERT INTO `oa_task_list` VALUES ('355', '4303', '32', 'risktrol', 'done', '1463564910', '1463676991', '');
INSERT INTO `oa_task_list` VALUES ('356', '4302', '32', 'risktrol', 'done', '1463564936', '1463565484', '');
INSERT INTO `oa_task_list` VALUES ('357', '4301', '32', 'risktrol', 'done', '1463564990', '1463565464', '');
INSERT INTO `oa_task_list` VALUES ('358', '4300', '32', 'risktrol', 'done', '1463565013', '1463565437', '');
INSERT INTO `oa_task_list` VALUES ('359', '4299', '32', 'risktrol', 'done', '1463565048', '1463676969', '');
INSERT INTO `oa_task_list` VALUES ('360', '4296', '32', 'risktrol', 'done', '1463565071', '1463565397', '');
INSERT INTO `oa_task_list` VALUES ('361', '4298', '32', 'risktrol', 'done', '1463565095', '1463565364', '');
INSERT INTO `oa_task_list` VALUES ('362', '4297', '32', 'risktrol', 'done', '1463565121', '1463565341', '');
INSERT INTO `oa_task_list` VALUES ('363', '4308', '32', 'risktrol', 'done', '1463565150', '1463565324', '');
INSERT INTO `oa_task_list` VALUES ('364', '4305', '32', 'risktrol', 'done', '1463565170', '1463676945', '');
INSERT INTO `oa_task_list` VALUES ('365', '4304', '32', 'risktrol', 'done', '1463565195', '1463565293', '');
INSERT INTO `oa_task_list` VALUES ('366', '4305', '34', 'subpact', 'wait', '1463565308', '1463676945', '');
INSERT INTO `oa_task_list` VALUES ('367', '4297', '34', 'subpact', 'done', '1463565340', '1463567386', '');
INSERT INTO `oa_task_list` VALUES ('368', '4298', '34', 'subpact', 'done', '1463565364', '1463567418', '');
INSERT INTO `oa_task_list` VALUES ('369', '4296', '34', 'subpact', 'done', '1463565397', '1463567336', '');
INSERT INTO `oa_task_list` VALUES ('370', '4299', '34', 'subpact', 'wait', '1463565418', '1463676969', '');
INSERT INTO `oa_task_list` VALUES ('371', '4300', '34', 'subpact', 'done', '1463565437', '1463567464', '');
INSERT INTO `oa_task_list` VALUES ('372', '4301', '34', 'subpact', 'done', '1463565464', '1463567503', '');
INSERT INTO `oa_task_list` VALUES ('373', '4302', '34', 'subpact', 'done', '1463565484', '1463567521', '');
INSERT INTO `oa_task_list` VALUES ('374', '4307', '34', 'subpact', 'done', '1463565520', '1463567484', '');
INSERT INTO `oa_task_list` VALUES ('375', '4303', '34', 'subpact', 'done', '1463565583', '1463677149', '');
INSERT INTO `oa_task_list` VALUES ('376', '4306', '34', 'subpact', 'done', '1463565600', '1463670890', '');
INSERT INTO `oa_task_list` VALUES ('377', '4310', '28', 'appraise', 'done', '1463567777', '1463567809', '');
INSERT INTO `oa_task_list` VALUES ('378', '4310', '32', 'risktrol', 'done', '1463567809', '1463676915', '');
INSERT INTO `oa_task_list` VALUES ('379', '4311', '28', 'appraise', 'done', '1463673003', '1463675754', '');
INSERT INTO `oa_task_list` VALUES ('380', '4312', '28', 'appraise', 'wait', '1463673052', '0', '');
INSERT INTO `oa_task_list` VALUES ('381', '4313', '28', 'appraise', 'wait', '1463674106', '0', '');
INSERT INTO `oa_task_list` VALUES ('382', '4314', '28', 'appraise', 'wait', '1463675268', '0', '');
INSERT INTO `oa_task_list` VALUES ('383', '4311', '32', 'risktrol', 'done', '1463675754', '1463676718', '');
INSERT INTO `oa_task_list` VALUES ('384', '4311', '32', 'subpact', 'done', '1463676718', '1463677032', '');
INSERT INTO `oa_task_list` VALUES ('385', '4310', '28', 'subpact', 'wait', '1463676915', '0', '');
INSERT INTO `oa_task_list` VALUES ('386', '4309', '28', 'subpact', 'wait', '1463677011', '0', '');
INSERT INTO `oa_task_list` VALUES ('387', '4315', '28', 'appraise', 'wait', '1463685227', '0', '');
INSERT INTO `oa_task_list` VALUES ('388', '4316', '28', 'appraise', 'done', '1463685282', '1463685445', '');
INSERT INTO `oa_task_list` VALUES ('389', '4316', '32', 'risktrol', 'done', '1463685445', '1463804271', '');
INSERT INTO `oa_task_list` VALUES ('390', '4317', '28', 'appraise', 'wait', '1463687183', '0', '');
INSERT INTO `oa_task_list` VALUES ('391', '4318', '28', 'appraise', 'wait', '1463795184', '0', '');
INSERT INTO `oa_task_list` VALUES ('392', '4319', '28', 'appraise', 'done', '1463795239', '1463803943', '');
INSERT INTO `oa_task_list` VALUES ('393', '4319', '32', 'risktrol', 'wait', '1463803943', '0', '');
INSERT INTO `oa_task_list` VALUES ('394', '4316', '34', 'subpact', 'done', '1463804271', '1463804322', '');

-- ----------------------------
-- Table structure for oa_wind_bill
-- ----------------------------
DROP TABLE IF EXISTS `oa_wind_bill`;
CREATE TABLE `oa_wind_bill` (
  `id` int(10) unsigned NOT NULL AUTO_INCREMENT COMMENT 'ID自动递增',
  `aid` int(11) NOT NULL COMMENT '进件ID',
  `sug_money` decimal(10,2) NOT NULL DEFAULT '0.00' COMMENT '建议放款金额',
  `max_money` decimal(10,2) NOT NULL DEFAULT '0.00' COMMENT '最大放款金额',
  `explain` varchar(200) DEFAULT NULL COMMENT '说明',
  `status` enum('allow','deny') NOT NULL DEFAULT 'allow' COMMENT '''allow''：允许；''deny''：拒绝',
  `uid` int(11) NOT NULL DEFAULT '0' COMMENT '提交人ID',
  `created` int(11) NOT NULL DEFAULT '0' COMMENT '提交时间',
  `modify_time` timestamp NOT NULL DEFAULT CURRENT_TIMESTAMP ON UPDATE CURRENT_TIMESTAMP COMMENT '修改时间',
  PRIMARY KEY (`id`)
) ENGINE=InnoDB AUTO_INCREMENT=3004 DEFAULT CHARSET=utf8;

-- ----------------------------
-- Records of oa_wind_bill
-- ----------------------------
INSERT INTO `oa_wind_bill` VALUES ('2988', '4304', '0.00', '0.00', '1010', 'deny', '32', '1463565293', '2016-05-18 17:54:53');
INSERT INTO `oa_wind_bill` VALUES ('2989', '4305', '11.00', '16.00', '11111111', 'allow', '32', '1463676945', '2016-05-20 00:55:45');
INSERT INTO `oa_wind_bill` VALUES ('2990', '4297', '11.00', '99999999.99', '111111111', 'allow', '32', '1463565340', '2016-05-18 17:55:40');
INSERT INTO `oa_wind_bill` VALUES ('2991', '4298', '11.00', '16.00', '1111111111111', 'allow', '32', '1463565364', '2016-05-18 17:56:04');
INSERT INTO `oa_wind_bill` VALUES ('2992', '4296', '11.00', '111111.00', '111', 'allow', '32', '1463565397', '2016-05-18 17:56:37');
INSERT INTO `oa_wind_bill` VALUES ('2993', '4299', '11.00', '18.00', '11111111111111111', 'allow', '32', '1463676969', '2016-05-20 00:56:09');
INSERT INTO `oa_wind_bill` VALUES ('2994', '4300', '100.00', '200.00', '1111111111111111', 'allow', '32', '1463565437', '2016-05-18 17:57:17');
INSERT INTO `oa_wind_bill` VALUES ('2995', '4301', '100.00', '150.00', '1111111111111', 'allow', '32', '1463565464', '2016-05-18 17:57:44');
INSERT INTO `oa_wind_bill` VALUES ('2996', '4302', '15.00', '18.00', '11111111111111', 'allow', '32', '1463565484', '2016-05-18 17:58:04');
INSERT INTO `oa_wind_bill` VALUES ('2997', '4307', '11111.00', '99999999.99', '111111', 'allow', '32', '1463565520', '2016-05-18 17:58:40');
INSERT INTO `oa_wind_bill` VALUES ('2998', '4303', '111.00', '111111.00', '111111', 'allow', '32', '1463676991', '2016-05-20 00:56:31');
INSERT INTO `oa_wind_bill` VALUES ('2999', '4306', '11111.00', '99999999.99', '111111', 'allow', '32', '1463565600', '2016-05-18 18:00:00');
INSERT INTO `oa_wind_bill` VALUES ('3000', '4311', '11.00', '13.00', '1111', 'allow', '32', '1463676717', '2016-05-20 00:51:57');
INSERT INTO `oa_wind_bill` VALUES ('3001', '4310', '15.00', '16.00', '', 'allow', '32', '1463676915', '2016-05-20 00:55:15');
INSERT INTO `oa_wind_bill` VALUES ('3002', '4309', '5.00', '6.00', '00000000000', 'allow', '32', '1463677011', '2016-05-20 00:56:51');
INSERT INTO `oa_wind_bill` VALUES ('3003', '4316', '25.00', '30.00', '11111111111111', 'allow', '32', '1463804270', '2016-05-21 12:17:50');
